"","gene_id","gene_name","gene_type","chr","X1kb_up_tss_start","strand","number_of_dbp","superbinder","superbinder2","tpm_homo_sapiens_cytosolic_fraction","tpm_homo_sapiens_hepg2","tpm_homo_sapiens_insoluble_cytoplasmic_fraction","tpm_homo_sapiens_membrane_fraction","tpm_homo_sapiens_nuclear_fraction"
"1","ENSG00000008056.14","SYN1","protein_coding","chrX",47618858,"-",221,TRUE,"super_binder",0.0009735,0.017674,0.007115,0,0.065942
"2","ENSG00000010671.15","BTK","protein_coding","chrX",101389797,"-",227,TRUE,"super_binder",0.000612,0.008297,0,0.002704,0.0074835
"3","ENSG00000029534.20","ANK1","protein_coding","chr8",41895763,"-",344,TRUE,"super_binder",0,0.047169,0.114382,0.016058,0.0905715
"4","ENSG00000064489.23","BORCS8-MEF2B","protein_coding","chr19",19191159,"-",299,TRUE,"super_binder",0,0.0715585,0.5375485,0.5551705,0.426844
"5","ENSG00000077080.10","ACTL6B","protein_coding","chr7",100655449,"-",301,TRUE,"super_binder",0.001773,0.016366,0.0412835,0.0248325,0
"6","ENSG00000089558.9","KCNH4","protein_coding","chr17",42180143,"-",333,TRUE,"super_binder",0.0072645,0.056446,0.011738,0.038411,0.0281955
"7","ENSG00000089847.12","ANKRD24","protein_coding","chr19",4182354,"+",282,TRUE,"super_binder",0.0020945,0.045415,0.028399,0.015413,0.08769
"8","ENSG00000091181.19","IL5RA","protein_coding","chr3",3125614,"-",305,TRUE,"super_binder",0.00181,0.01557,0.03081,0.043154,0.0673595
"9","ENSG00000100101.15","Z83844.1","protein_coding","chr22",37685414,"+",287,TRUE,"super_binder",0.002171,0.0013145,0.0033385,0,0
"10","ENSG00000101180.16","HRH3","protein_coding","chr20",62219279,"-",303,TRUE,"super_binder",0.009472,0.0768965,0.1735755,0.10744,0.0375405
"11","ENSG00000101198.15","NKAIN4","protein_coding","chr20",63271695,"-",295,TRUE,"super_binder",0,0.0111425,0.1014595,0,0
"12","ENSG00000104112.9","SCG3","protein_coding","chr15",51680492,"+",276,TRUE,"super_binder",0.001018,0.0749375,0.0110375,0.005517,0.2085155
"13","ENSG00000104951.16","IL4I1","protein_coding","chr19",49928540,"-",338,TRUE,"super_binder",0.003871,0.065873,0.1247325,0.025319,0.0597515
"14","ENSG00000104953.20","TLE6","protein_coding","chr19",2976538,"+",279,TRUE,"super_binder",0.037573,0.0867105,0.1070335,0.006098,0.0687625
"15","ENSG00000105467.9","SYNGR4","protein_coding","chr19",48363367,"+",233,TRUE,"super_binder",0.002853,0.055975,0.026449,0,0.0735205
"16","ENSG00000107282.8","APBA1","protein_coding","chr9",69671372,"-",207,TRUE,"super_binder",0.004074,0.0849945,0.0346125,0.025613,0.1490365
"17","ENSG00000110375.3","UPK2","protein_coding","chr11",118924164,"+",215,TRUE,"super_binder",0.0046615,0.0612385,0.024172,0.011677,0.050819
"18","ENSG00000111780.8","AL021546.1","protein_coding","chr12",120437198,"+",232,TRUE,"super_binder",0,0.0863905,2.2231595,0.047822,0.0988275
"19","ENSG00000113600.11","C9","protein_coding","chr5",39423869,"-",204,TRUE,"super_binder",0.0019575,0.009274,0,0,0.0232565
"20","ENSG00000115844.11","DLX2","protein_coding","chr2",172101901,"-",305,TRUE,"super_binder",0.013686,0.0736545,0.0385895,0.06738,0.0293535
"21","ENSG00000118307.19","CASC1","protein_coding","chr12",25194163,"-",262,TRUE,"super_binder",0.0128565,0.067601,0.0308195,0.056956,0.062532
"22","ENSG00000119283.15","TRIM67","protein_coding","chr1",231161112,"+",313,TRUE,"super_binder",0.001056,0.0876155,0.011048,0.0115055,0.1748355
"23","ENSG00000119508.18","NR4A3","protein_coding","chr9",99820855,"+",203,TRUE,"super_binder",0.0012355,0.0202785,0.030718,0.014479,0.212154
"24","ENSG00000119973.6","PRLHR","protein_coding","chr10",118594649,"-",234,TRUE,"super_binder",0.0082175,0.0736395,0.0209235,0.0250525,0.168766
"25","ENSG00000120937.9","NPPB","protein_coding","chr1",11857946,"-",349,TRUE,"super_binder",0.013212,0.073327,0.0816175,0.0285135,0.107392
"26","ENSG00000121335.12","PRB2","protein_coding","chr12",11500042,"-",352,TRUE,"super_binder",0,0,0,0,0.121503
"27","ENSG00000121905.10","HPCA","protein_coding","chr1",32884994,"+",364,TRUE,"super_binder",0,0,0.045518,0,0.0534765
"28","ENSG00000122254.7","HS3ST2","protein_coding","chr16",22813162,"+",282,TRUE,"super_binder",0,0.006697,0,0.0038775,0.0186935
"29","ENSG00000123329.19","ARHGAP9","protein_coding","chr12",57487815,"-",265,TRUE,"super_binder",0.0019185,0.0633855,0.0574625,0.03099,0.1933275
"30","ENSG00000123685.9","BATF3","protein_coding","chr1",212698841,"-",209,TRUE,"super_binder",0.012098,0.055635,0.0951425,0.0329495,0
"31","ENSG00000125266.8","EFNB2","protein_coding","chr13",106534663,"-",238,TRUE,"super_binder",0,0.0723235,0.0512375,0.02659,0.017706
"32","ENSG00000125492.10","BARHL1","protein_coding","chr9",132581606,"+",372,TRUE,"super_binder",0.0051305,0.011111,0,0.0153455,0.0551205
"33","ENSG00000125965.9","GDF5","protein_coding","chr20",35453747,"-",333,TRUE,"super_binder",0.0388635,0.0617485,0.0378845,0.0992495,0.0856275
"34","ENSG00000129673.9","AANAT","protein_coding","chr17",76452351,"+",243,TRUE,"super_binder",0,0.060867,0,0.008845,0.2875835
"35","ENSG00000130383.7","FUT5","protein_coding","chr19",5869541,"-",298,TRUE,"super_binder",0,0.017369,0,0,0.0240125
"36","ENSG00000130477.15","UNC13A","protein_coding","chr19",17687366,"-",268,TRUE,"super_binder",0.002415,0.078219,0.0507265,0.026857,0.113135
"37","ENSG00000131096.10","PYY","protein_coding","chr17",44003470,"-",227,TRUE,"super_binder",0.007982,0.0480095,0.0211595,0.0095125,0.0235275
"38","ENSG00000131355.15","ADGRE3","protein_coding","chr19",14689028,"-",215,TRUE,"super_binder",0,0,0,0.003266,0
"39","ENSG00000132259.13","CNGA4","protein_coding","chr11",6233765,"+",210,TRUE,"super_binder",0,0,0,0,0
"40","ENSG00000133980.5","VRTN","protein_coding","chr14",74302069,"+",298,TRUE,"super_binder",0.0054995,0.071962,0.0113265,0.0170735,0.0886545
"41","ENSG00000134183.12","GNAT2","protein_coding","chr1",109618930,"-",289,TRUE,"super_binder",0.001229,0.062415,0.1711265,0.00486,0.0264315
"42","ENSG00000134627.12","PIWIL4","protein_coding","chr11",94542840,"+",213,TRUE,"super_binder",0,0.0129765,0.0189875,0.0037645,0
"43","ENSG00000137101.12","CD72","protein_coding","chr9",35645811,"-",275,TRUE,"super_binder",0.0103765,0.074873,0.0200205,0.024152,0.2302055
"44","ENSG00000141744.4","PNMT","protein_coding","chr17",39666981,"+",262,TRUE,"super_binder",0,0.086838,0.070826,0.040079,0.120798
"45","ENSG00000141979.4","AC008764.1","protein_coding","chr19",16627205,"-",316,TRUE,"super_binder",0.0018195,0.0053345,0,0.009327,0
"46","ENSG00000144550.13","CPNE9","protein_coding","chr3",9702826,"+",252,TRUE,"super_binder",0.005178,0.007834,0.010178,0.014424,0.021809
"47","ENSG00000144583.5","MARCH4","protein_coding","chr2",216371484,"-",306,TRUE,"super_binder",0,0.016038,0,0.001606,0.0232165
"48","ENSG00000145700.9","ANKRD31","protein_coding","chr5",75235879,"-",270,TRUE,"super_binder",0.0042535,0.0538095,0.0823465,0.019268,0.0790545
"49","ENSG00000146360.8","GPR6","protein_coding","chr6",109977256,"+",248,TRUE,"super_binder",0,0,0,0,0
"50","ENSG00000147571.5","CRH","protein_coding","chr8",66177465,"-",320,TRUE,"super_binder",0,0,0,0,0
"51","ENSG00000150667.8","FSIP1","protein_coding","chr15",39781842,"-",228,TRUE,"super_binder",0.0035245,0.0906805,0.103844,0.006953,0.5410345
"52","ENSG00000150676.12","CCDC83","protein_coding","chr11",85854101,"+",328,TRUE,"super_binder",0.00644,0.033198,0.008954,0.0094685,0.2132715
"53","ENSG00000151025.11","GPR158","protein_coding","chr10",25173802,"+",276,TRUE,"super_binder",0,0.002542,0.013399,0.001185,0.0770025
"54","ENSG00000151468.11","CCDC3","protein_coding","chr10",13098653,"-",211,TRUE,"super_binder",0,0,0,0.004223,0
"55","ENSG00000152217.19","SETBP1","protein_coding","chr18",44679173,"+",213,TRUE,"super_binder",0.201772,0.0779055,0.0918145,0.1789865,0.392377
"56","ENSG00000152822.14","GRM1","protein_coding","chr6",146026646,"+",320,TRUE,"super_binder",0,0.0576075,0.0117865,0.005111,0.1589765
"57","ENSG00000152932.8","RAB3C","protein_coding","chr5",58581221,"+",222,TRUE,"super_binder",0.005037,0.0280915,0.0392665,0,0.0065465
"58","ENSG00000153563.15","CD8A","protein_coding","chr2",86807397,"-",241,TRUE,"super_binder",0.000867,0.0269435,0.060261,0.0229645,0.105987
"59","ENSG00000154678.18","PDE1C","protein_coding","chr7",32427132,"-",293,TRUE,"super_binder",5e-07,0.0010995,0.00267,0.0007615,0.0091155
"60","ENSG00000155265.11","GOLGA7B","protein_coding","chr10",97848843,"+",234,TRUE,"super_binder",0.0009235,0.001985,0.0030865,0.0021735,0.040664
"61","ENSG00000155875.15","SAXO1","protein_coding","chr9",19048359,"-",339,TRUE,"super_binder",0.001593,0.0214715,0.038292,0.0026715,0.0500165
"62","ENSG00000157005.4","SST","protein_coding","chr3",187669395,"-",335,TRUE,"super_binder",0,0,0,0,0
"63","ENSG00000157219.5","HTR5A","protein_coding","chr7",155069324,"+",377,TRUE,"super_binder",0,0,0,0,0
"64","ENSG00000158077.4","NLRP14","protein_coding","chr11",7019446,"+",226,TRUE,"super_binder",0,0,0,0,0
"65","ENSG00000160460.16","SPTBN4","protein_coding","chr19",40465241,"+",212,TRUE,"super_binder",0.000774,0.017916,0,0.010973,0
"66","ENSG00000161594.7","KLHL10","protein_coding","chr17",41834685,"+",260,TRUE,"super_binder",0.0048765,0.092475,0.076615,0.0226625,0.2974135
"67","ENSG00000161610.1","HCRT","protein_coding","chr17",42184453,"-",318,TRUE,"super_binder",0.04628,0.039651,0,0.1402065,0
"68","ENSG00000161940.11","BCL6B","protein_coding","chr17",7022050,"+",225,TRUE,"super_binder",0.0100735,0.0038735,0,0.002262,0.0055195
"69","ENSG00000161973.11","CCDC42","protein_coding","chr17",8744220,"-",206,TRUE,"super_binder",0,0,0.0149335,0,0
"70","ENSG00000163116.10","STPG2","protein_coding","chr4",98142477,"-",216,TRUE,"super_binder",0.0086285,0.0420745,0.0106285,0.067286,0.071324
"71","ENSG00000163645.15","ERICH6","protein_coding","chr3",150702972,"-",226,TRUE,"super_binder",0.0392525,0.052126,0.224962,0.2114305,0.198157
"72","ENSG00000164082.15","GRM2","protein_coding","chr3",51706068,"+",263,TRUE,"super_binder",0.0202595,0.017157,0.0201215,0.0067185,0.01835
"73","ENSG00000164385.9","LINC01600","lncRNA","chr6",2633620,"-",235,TRUE,"super_binder",0,0.0279105,0.0545925,0.036856,0.0201465
"74","ENSG00000165120.5","SSMEM1","protein_coding","chr7",130205344,"+",231,TRUE,"super_binder",0.004865,0.0127765,0,0.0598915,0.014836
"75","ENSG00000165152.9","TMEM246","protein_coding","chr9",101532538,"-",227,TRUE,"super_binder",0.00361,0.031821,0.0117155,0.0025745,0.0981025
"76","ENSG00000165182.11","CXorf58","protein_coding","chrX",23906801,"+",241,TRUE,"super_binder",0.0022825,0.024213,0.0537435,0.012115,0.0698945
"77","ENSG00000165695.9","AK8","protein_coding","chr9",132877778,"-",241,TRUE,"super_binder",0.0112355,0.0276225,0.0366695,0.0296045,0.089442
"78","ENSG00000166349.9","RAG1","protein_coding","chr11",36509709,"+",332,TRUE,"super_binder",0.0132835,0.079954,0.1440975,0.0469605,0.0144725
"79","ENSG00000166823.5","MESP1","protein_coding","chr15",89750311,"-",255,TRUE,"super_binder",0.0119985,0.007948,0.0107985,0.009226,0.0115775
"80","ENSG00000166924.9","NYAP1","protein_coding","chr7",100482927,"+",228,TRUE,"super_binder",0.0264325,0.0741335,0.267565,0.1997305,0.0804075
"81","ENSG00000167653.5","PSCA","protein_coding","chr8",142669308,"+",255,TRUE,"super_binder",0.006846,0.012725,0,0.088851,0.071392
"82","ENSG00000168348.4","INSM2","protein_coding","chr14",35533164,"+",343,TRUE,"super_binder",0,0.0568045,0.008897,0.0035165,0.402121
"83","ENSG00000168509.20","HJV","protein_coding","chr1",146035747,"-",309,TRUE,"super_binder",0.0107005,0.051464,0.1188405,0.046171,0
"84","ENSG00000168589.15","DYNLRB2","protein_coding","chr16",80539734,"+",265,TRUE,"super_binder",0,0.038906,0.0703125,0,0
"85","ENSG00000169006.7","NTSR2","protein_coding","chr2",11669196,"-",360,TRUE,"super_binder",0,0.012056,0,0,0
"86","ENSG00000171570.11","RAB4B-EGLN2","protein_coding","chr19",40777242,"+",215,TRUE,"super_binder",0.0104405,0.029698,0.07022,0.1010255,0.1291145
"87","ENSG00000171804.11","WDR87","protein_coding","chr19",37905678,"-",286,TRUE,"super_binder",0.000376,0,0,0.0175125,0.0503345
"88","ENSG00000171873.8","ADRA1D","protein_coding","chr20",4248288,"-",221,TRUE,"super_binder",0.00197,0.0514745,0.0452785,0.042865,0.0805345
"89","ENSG00000172733.11","PURG","protein_coding","chr8",31032716,"-",229,TRUE,"super_binder",0,0.0102785,0.0469195,0,0.02626
"90","ENSG00000173110.8","HSPA6","protein_coding","chr1",161523540,"+",244,TRUE,"super_binder",0,0.002889,0,0,0
"91","ENSG00000173406.15","DAB1","protein_coding","chr1",58545735,"-",254,TRUE,"super_binder",0.0233465,0.04935,0.070489,0.0810825,0.080552
"92","ENSG00000173464.14","RNASE11","protein_coding","chr14",20608885,"-",253,TRUE,"super_binder",0.0026605,0,0,0,0
"93","ENSG00000173673.8","HES3","protein_coding","chr1",6243179,"+",357,TRUE,"super_binder",0,0,0,0,0
"94","ENSG00000174448.8","STARD6","protein_coding","chr18",54356965,"-",234,TRUE,"super_binder",0.007561,0.0123645,0.016354,0.02544,0.0748885
"95","ENSG00000174453.10","VWC2L","protein_coding","chr2",214410054,"+",270,TRUE,"super_binder",0,0,0,0,0.0039125
"96","ENSG00000174576.10","NPAS4","protein_coding","chr11",66420004,"+",385,TRUE,"super_binder",0,0.004669,0,0,0.01476
"97","ENSG00000174898.16","CATSPERD","protein_coding","chr19",5719637,"+",323,TRUE,"super_binder",0.0106515,0.017543,0.0259035,0.0183845,0.0441825
"98","ENSG00000175646.4","PRM1","protein_coding","chr16",11280331,"-",220,TRUE,"super_binder",0.0265165,0.088716,0,0.301716,0.0792885
"99","ENSG00000177112.8","MRVI1-AS1","lncRNA","chr11",10540258,"+",288,TRUE,"super_binder",0,0.038917,0,0.0368785,0.047564
"100","ENSG00000177614.11","PGBD5","protein_coding","chr1",230425333,"-",335,TRUE,"super_binder",0.004499,0.0965105,0.078901,0.0297235,0.159048
"101","ENSG00000177699.4","AC011944.1","lncRNA","chr15",78977889,"+",214,TRUE,"super_binder",0.017751,0.085452,0.0423915,0.041845,0.109677
"102","ENSG00000177752.14","YIPF7","protein_coding","chr4",44677557,"-",278,TRUE,"super_binder",0,0.0233785,0.025969,0.009215,0.0615375
"103","ENSG00000177994.16","C2orf73","protein_coding","chr2",54329034,"+",287,TRUE,"super_binder",0.0084995,0.049573,0.0634945,0.138052,0.0941105
"104","ENSG00000178015.5","GPR150","protein_coding","chr5",95619087,"+",250,TRUE,"super_binder",0.006563,0.0285515,0,0.0095575,0.022017
"105","ENSG00000178718.6","RPP25","protein_coding","chr15",74956465,"-",204,TRUE,"super_binder",0.0039465,0.054838,0.101292,0.0646985,0.0323745
"106","ENSG00000178882.15","RFLNA","protein_coding","chr12",123972241,"+",246,TRUE,"super_binder",0,0.0300145,0,0,0
"107","ENSG00000179148.9","ALOXE3","protein_coding","chr17",8118048,"-",241,TRUE,"super_binder",0,0.024016,0,0.012908,0.0063515
"108","ENSG00000179165.11","PXT1","protein_coding","chr6",36441855,"-",365,TRUE,"super_binder",0.0563005,0.0280795,0,0.12968,0.108498
"109","ENSG00000179774.9","ATOH7","protein_coding","chr10",68231114,"-",226,TRUE,"super_binder",0.009868,0.0354885,0.0592175,0.016825,0.082804
"110","ENSG00000180044.5","C3orf80","protein_coding","chr3",160224496,"+",201,TRUE,"super_binder",0,0.0327355,0.04867,0.011314,0.041535
"111","ENSG00000180422.3","LINC00304","lncRNA","chr16",89158146,"+",249,TRUE,"super_binder",0.0033135,0.010293,0,0,0
"112","ENSG00000182040.9","USH1G","protein_coding","chr17",74922257,"-",209,TRUE,"super_binder",0,0.016193,0.041707,0.010921,0.029561
"113","ENSG00000182575.7","NXPH3","protein_coding","chr17",49574858,"+",208,TRUE,"super_binder",0.001595,0.046686,0.065848,0.005634,0.0473075
"114","ENSG00000182759.4","MAFA","protein_coding","chr8",143429733,"-",205,TRUE,"super_binder",0.006148,0.065997,0.0145535,0.076306,0.016875
"115","ENSG00000183034.12","OTOP2","protein_coding","chr17",74923275,"+",209,TRUE,"super_binder",0.0049935,0.0034205,0,0,0
"116","ENSG00000183379.9","SYNDIG1L","protein_coding","chr14",74425211,"-",208,TRUE,"super_binder",0,0,0,0,0
"117","ENSG00000183775.11","KCTD16","protein_coding","chr5",144169873,"+",209,TRUE,"super_binder",0.0002485,0.0058605,0.0135475,0.001927,0.009982
"118","ENSG00000184507.16","NUTM1","protein_coding","chr15",34342315,"+",253,TRUE,"super_binder",0,0.023936,0.0081305,0.001594,0.025638
"119","ENSG00000184716.13","SERINC4","protein_coding","chr15",43799222,"-",251,TRUE,"super_binder",0,0.061741,0,0.0257575,0.0313895
"120","ENSG00000185386.15","MAPK11","protein_coding","chr22",50269768,"-",301,TRUE,"super_binder",0.0041725,0.093789,0.049873,0.058119,0.0731855
"121","ENSG00000185614.6","INKA1","protein_coding","chr3",49802261,"+",243,TRUE,"super_binder",0.0106635,0.095175,0.073394,0.108263,0.04841
"122","ENSG00000185681.13","MORN5","protein_coding","chr9",122158908,"+",201,TRUE,"super_binder",0,0.034944,0,0.0285795,0
"123","ENSG00000186326.4","RGS9BP","protein_coding","chr19",32674848,"+",262,TRUE,"super_binder",0,0.020427,0.0673215,0.006428,0.0485555
"124","ENSG00000186472.20","PCLO","protein_coding","chr7",83161931,"-",227,TRUE,"super_binder",0.0022805,0.0492495,0.0245025,0.0042515,0.1209905
"125","ENSG00000187957.8","DNER","protein_coding","chr2",229713556,"-",232,TRUE,"super_binder",0.0017385,0,0,0.0025475,0
"126","ENSG00000188672.18","RHCE","protein_coding","chr1",25429193,"-",283,TRUE,"super_binder",0.01231,0.048477,0.0707855,0.048057,0.1393765
"127","ENSG00000189167.11","ZAR1L","protein_coding","chr13",32314345,"-",296,TRUE,"super_binder",0.005778,0.032144,0.0364795,0.0533545,0.046293
"128","ENSG00000197409.7","HIST1H3D","protein_coding","chr6",26196251,"-",293,TRUE,"super_binder",266.4101095,0,744.792091,333.7424435,59.362854
"129","ENSG00000203780.10","FANK1","protein_coding","chr10",125895539,"+",236,TRUE,"super_binder",0.005437,0.0271605,0.0479905,0.0532345,0.058791
"130","ENSG00000204103.4","MAFB","protein_coding","chr20",40688237,"-",252,TRUE,"super_binder",0.002749,0.051282,0.2103355,0.034106,0.088842
"131","ENSG00000204624.8","DISP3","protein_coding","chr1",11478155,"+",230,TRUE,"super_binder",0,0.0546585,0.060747,0.0371975,0.069636
"132","ENSG00000204640.1","NMS","protein_coding","chr2",100469482,"+",211,TRUE,"super_binder",0,0,0,0,0
"133","ENSG00000204928.2","GRXCR2","protein_coding","chr5",145936127,"-",242,TRUE,"super_binder",0,0.0082875,0,0,0
"134","ENSG00000204950.4","LRRC10B","protein_coding","chr11",61507749,"+",257,TRUE,"super_binder",0,0.004563,0,0.0133405,0.0132385
"135","ENSG00000205015.1","LINC02138","lncRNA","chr16",89165383,"+",226,TRUE,"super_binder",0,0,0,0,0
"136","ENSG00000205923.3","CEMP1","protein_coding","chr16",2530418,"-",302,TRUE,"super_binder",0,0,0,0,0
"137","ENSG00000206113.10","CFAP99","protein_coding","chr4",2417974,"+",204,TRUE,"super_binder",0,0.0115685,0,0,0.0931335
"138","ENSG00000206579.9","XKR4","protein_coding","chr8",55101028,"+",214,TRUE,"super_binder",0.006878,0.079345,0.0392655,0.015428,0.1731745
"139","ENSG00000213994.3","AL157395.1","lncRNA","chr10",6201694,"-",294,TRUE,"super_binder",0,0,0,0,0
"140","ENSG00000214212.9","C19orf38","protein_coding","chr19",10835575,"+",292,TRUE,"super_binder",0.0188755,0.0524995,0.0179025,0.161598,0.061248
"141","ENSG00000215183.5","MSMP","protein_coding","chr9",35755614,"-",290,TRUE,"super_binder",0.011763,0.0444095,0.107236,0.0502725,0
"142","ENSG00000215397.4","SCRT2","protein_coding","chr20",674803,"-",327,TRUE,"super_binder",0,0.002961,0,0.008481,0
"143","ENSG00000217442.4","SYCE3","protein_coding","chr22",50561920,"-",240,TRUE,"super_binder",0.006453,0,0,0,0
"144","ENSG00000221874.4","ZNF816-ZNF321P","protein_coding","chr19",52961824,"-",248,TRUE,"super_binder",0,0,0,0,0.079622
"145","ENSG00000223446.2","AL451065.1","lncRNA","chr9",93094547,"-",269,TRUE,"super_binder",0.0151705,0.0321925,0,0.042709,0.066925
"146","ENSG00000223475.1","AC099681.1","lncRNA","chr7",55572171,"+",261,TRUE,"super_binder",0,0,0,0.015004,0.1461135
"147","ENSG00000223537.3","AL109947.1","lncRNA","chr6",109482638,"+",219,TRUE,"super_binder",0.016267,0,0.029384,0.026018,0.0850345
"148","ENSG00000223635.2","AL121990.1","lncRNA","chr1",229507369,"+",292,TRUE,"super_binder",0.013431,0.069547,0.0604775,0.0529055,0.4113905
"149","ENSG00000224077.1","AP000936.1","lncRNA","chr11",117097987,"+",234,TRUE,"super_binder",0.019612,0.093041,0.063852,0.150216,0.117655
"150","ENSG00000224090.1","AC097468.1","lncRNA","chr2",219001215,"+",284,TRUE,"super_binder",0,0,0,0,0
"151","ENSG00000224467.1","AC009313.1","lncRNA","chr2",161159225,"-",369,TRUE,"super_binder",0.005387,0.0424485,0,0,0
"152","ENSG00000224509.2","AC010884.1","lncRNA","chr2",105037497,"-",250,TRUE,"super_binder",0,0.0961775,0.0918125,0.009533,0.181395
"153","ENSG00000224536.2","AC096677.1","lncRNA","chr1",201506241,"+",242,TRUE,"super_binder",0,0.01707,0.0616495,0.014295,0.0565595
"154","ENSG00000224805.2","LINC00853","lncRNA","chr1",47178250,"+",201,TRUE,"super_binder",0.005413,0.0758895,0.1759105,0.0878255,0.1198595
"155","ENSG00000224846.3","AL133351.1","lncRNA","chr6",2998605,"-",356,TRUE,"super_binder",0.020026,0.0428175,0.127964,0.1515075,0.2288965
"156","ENSG00000226078.1","AL356309.1","lncRNA","chr9",126526618,"+",240,TRUE,"super_binder",0.0238875,0.041368,0.104426,0.1355945,0
"157","ENSG00000226447.1","ZNF25-DT","lncRNA","chr10",37975825,"+",285,TRUE,"super_binder",0,0,0,0.016726,0.054448
"158","ENSG00000226644.5","AL121899.1","lncRNA","chr20",2206217,"+",231,TRUE,"super_binder",0.0308945,0.0233685,0.064926,0.0681775,0
"159","ENSG00000226819.1","MEIS1-AS3","lncRNA","chr2",66432471,"-",242,TRUE,"super_binder",0,0,0,0.036296,0
"160","ENSG00000227237.1","AL672291.1","lncRNA","chr1",248858164,"+",317,TRUE,"super_binder",0.006445,0.0208835,0,0.0186395,0.0558645
"161","ENSG00000227356.2","LINC00866","lncRNA","chr10",97848799,"-",234,TRUE,"super_binder",0,0,0,0,0
"162","ENSG00000227634.3","LINC01714","lncRNA","chr1",8200518,"+",238,TRUE,"super_binder",0.0447035,0.0257965,0,0.092875,0.077435
"163","ENSG00000227702.1","LINC00111","lncRNA","chr21",41678181,"+",203,TRUE,"super_binder",0.0098455,0.0606745,0.0816335,0,0
"164","ENSG00000227811.3","INKA2-AS1","lncRNA","chr1",111738579,"+",325,TRUE,"super_binder",0.003742,0.0997545,0.1507785,0.080269,0.0739715
"165","ENSG00000227933.1","AL357874.1","lncRNA","chr9",35645270,"+",274,TRUE,"super_binder",0.014525,0.0613335,0.068991,0.104107,0
"166","ENSG00000228144.2","AC078927.1","protein_coding","chr12",66168986,"-",326,TRUE,"super_binder",0.0067585,0.057553,0,0,0
"167","ENSG00000228384.4","AC007040.1","lncRNA","chr2",70993510,"+",289,TRUE,"super_binder",0.181804,0.0713585,0.2061935,0.095387,0.5367865
"168","ENSG00000228397.3","LINC01635","lncRNA","chr1",22025049,"-",293,TRUE,"super_binder",0.0170295,0.037371,0.047154,0.101885,0.1325185
"169","ENSG00000228417.1","AL360182.2","lncRNA","chr10",110207592,"-",256,TRUE,"super_binder",0,0.020017,0,0,0
"170","ENSG00000228737.2","AC008781.1","lncRNA","chr5",141617414,"+",324,TRUE,"super_binder",0.0158795,0.0999115,0,0.0448675,0.146043
"171","ENSG00000228792.3","AL356310.1","lncRNA","chr1",211643115,"-",243,TRUE,"super_binder",0.0099225,0.0884185,0.0286415,0.023358,0.0888225
"172","ENSG00000228843.2","AL133410.2","lncRNA","chr9",35756941,"-",288,TRUE,"super_binder",0.0047645,0.021711,0,0.072795,0.1438115
"173","ENSG00000229188.2","AL050349.1","lncRNA","chr20",33730829,"-",380,TRUE,"super_binder",0,0,0,0,0
"174","ENSG00000229258.6","LPGAT1-AS1","lncRNA","chr1",211828636,"+",248,TRUE,"super_binder",0.003408,0.079709,0,0.0133975,0.346565
"175","ENSG00000229869.1","AL359878.2","lncRNA","chr10",932026,"+",219,TRUE,"super_binder",0,0.0213605,0,0,0
"176","ENSG00000230091.6","TMEM254-AS1","lncRNA","chr10",80077913,"-",291,TRUE,"super_binder",0.00709,0.086297,0.038406,0.0820525,0.3786795
"177","ENSG00000230534.6","AL392046.1","lncRNA","chr10",35126021,"-",327,TRUE,"super_binder",0.008911,0.028359,0,0.0532265,0.063184
"178","ENSG00000230753.6","ZNF341-AS1","lncRNA","chr20",33810110,"-",304,TRUE,"super_binder",0,0.0255065,0.0670885,0,0.047499
"179","ENSG00000230778.1","ANKRD63","protein_coding","chr15",40281587,"-",201,TRUE,"super_binder",0,0.0183755,0,0,0
"180","ENSG00000230970.4","HHATL-AS1","lncRNA","chr3",42701541,"+",270,TRUE,"super_binder",0,0.014391,0.0396485,0,0
"181","ENSG00000231046.1","AL360227.1","lncRNA","chr6",111258035,"-",301,TRUE,"super_binder",0,0.0980185,0,0,0
"182","ENSG00000231128.6","AL137856.1","lncRNA","chr1",113811379,"+",313,TRUE,"super_binder",0.0702535,0,0.0336585,0.250633,0.242761
"183","ENSG00000231724.1","AC112907.1","lncRNA","chr3",186806692,"+",298,TRUE,"super_binder",0.0052275,0.0302145,0.117353,0.026176,0
"184","ENSG00000231824.4","AKAIN1","protein_coding","chr18",5196504,"-",251,TRUE,"super_binder",0.0212255,0.0143955,0.1316365,0.1463945,0.045377
"185","ENSG00000231858.5","AC067945.3","lncRNA","chr2",191020526,"+",392,TRUE,"super_binder",0,0.0539685,0,0.0196015,0
"186","ENSG00000231970.1","AL355490.2","lncRNA","chr10",97400115,"+",209,TRUE,"super_binder",0,0.0468125,0,0,0
"187","ENSG00000232028.1","AC007391.1","lncRNA","chr2",37324340,"+",287,TRUE,"super_binder",0.0178725,0.025554,0,0,0.2559455
"188","ENSG00000232132.1","NDFIP2-AS1","lncRNA","chr13",79480232,"-",257,TRUE,"super_binder",0,0.0249075,0,0,0
"189","ENSG00000232504.5","ST3GAL5-AS1","lncRNA","chr2",85888151,"+",267,TRUE,"super_binder",0,0.0214855,0,0.022313,0
"190","ENSG00000232581.1","AC079742.1","lncRNA","chr7",6587975,"-",290,TRUE,"super_binder",0.070356,0,0,0,0
"191","ENSG00000232638.1","AL390294.1","lncRNA","chr10",8050541,"+",265,TRUE,"super_binder",0,0,0,0,0
"192","ENSG00000232715.1","LINC01022","lncRNA","chr7",158589629,"+",276,TRUE,"super_binder",0.0279605,0.0510335,0,0.1724245,0.202887
"193","ENSG00000232876.1","AL353596.1","lncRNA","chr6",135054033,"+",300,TRUE,"super_binder",0.070516,0.0949395,0.084081,0.110928,0.1129725
"194","ENSG00000232969.1","AP001062.2","lncRNA","chr21",44338376,"+",328,TRUE,"super_binder",0.686543,0,0,2.060212,0
"195","ENSG00000233108.1","AC006042.2","lncRNA","chr7",7968904,"-",250,TRUE,"super_binder",0,0.0898395,0,0,0.078395
"196","ENSG00000234233.1","KCNH1-IT1","lncRNA","chr1",211132375,"-",233,TRUE,"super_binder",0,0,0,0,0
"197","ENSG00000234292.3","AC123595.1","lncRNA","chr5",91280143,"-",277,TRUE,"super_binder",0.012125,0.009275,0,0.0198425,0.026249
"198","ENSG00000234535.1","AL161719.1","lncRNA","chr13",33609967,"+",277,TRUE,"super_binder",0.023803,0,0,0,0
"199","ENSG00000234693.1","AL353653.1","lncRNA","chr20",50644471,"+",293,TRUE,"super_binder",0.008797,0.02828,0,0.0156205,0
"200","ENSG00000235042.1","AC098820.2","lncRNA","chr2",216411697,"-",273,TRUE,"super_binder",0.004315,0.0325075,0.112385,0,0
"201","ENSG00000235947.1","EGOT","lncRNA","chr3",4750591,"-",222,TRUE,"super_binder",0.0023415,0.0995135,0.025827,0.012919,0.3832085
"202","ENSG00000236137.1","AL445231.1","lncRNA","chr1",117058491,"-",232,TRUE,"super_binder",0.009251,0.0463,0.2009745,0.032758,0.0777635
"203","ENSG00000236336.1","AL022725.1","lncRNA","chr6",4774409,"-",221,TRUE,"super_binder",0.011317,0.069203,0,0,0
"204","ENSG00000236617.2","AC127070.1","lncRNA","chr12",132886842,"+",282,TRUE,"super_binder",0.069869,0.062646,0.1067215,0.569535,0.5282115
"205","ENSG00000236651.1","DLX2-DT","lncRNA","chr2",172102006,"+",307,TRUE,"super_binder",0.0163645,0.0264285,0.02338,0.1006885,0.051186
"206","ENSG00000236677.1","AP000688.4","lncRNA","chr21",36059432,"+",273,TRUE,"super_binder",0.0091415,0.029812,0.093009,0.0585025,0
"207","ENSG00000237327.1","UPP2-IT1","lncRNA","chr2",158126957,"+",202,TRUE,"super_binder",0,0,0,0,0.089784
"208","ENSG00000237461.2","AL359710.1","lncRNA","chr9",99818922,"-",304,TRUE,"super_binder",0.0079875,0.0736665,0,0.00347,0.200198
"209","ENSG00000237605.2","AL591846.2","lncRNA","chr1",206634715,"-",289,TRUE,"super_binder",0.049776,0.0758665,0.3214885,0.0650195,0.063735
"210","ENSG00000238280.2","AC067751.1","lncRNA","chr10",62804888,"-",279,TRUE,"super_binder",0.0091695,0.096138,0.21902,0.043127,0.22709
"211","ENSG00000239219.2","AC008040.1","lncRNA","chr3",169965735,"-",289,TRUE,"super_binder",0.003332,0.0823705,0.028292,0.04625,0.087341
"212","ENSG00000239462.1","AC091212.1","lncRNA","chr3",98901424,"+",295,TRUE,"super_binder",0,0.079543,0,0.0565475,0.4398365
"213","ENSG00000239718.1","HLTF-AS1","lncRNA","chr3",149085332,"+",289,TRUE,"super_binder",0,0.0636005,0,0.0319625,0.0860665
"214","ENSG00000240790.1","AC073934.1","lncRNA","chr7",127651013,"-",271,TRUE,"super_binder",0.216372,0.0822105,0.0736685,0.3325955,0.3744125
"215","ENSG00000240980.1","AC093904.1","lncRNA","chr2",9142166,"+",232,TRUE,"super_binder",0,0.019733,0,0,0
"216","ENSG00000241155.1","ARHGAP31-AS1","lncRNA","chr3",119321761,"-",232,TRUE,"super_binder",0.005637,0.059172,0,0.0093955,0
"217","ENSG00000243710.7","CFAP57","protein_coding","chr1",43171149,"+",263,TRUE,"super_binder",0.0014035,0.052518,0.089397,0.014931,0.0070775
"218","ENSG00000243910.8","TUBA4B","protein_coding","chr2",219252243,"+",203,TRUE,"super_binder",0.018486,0.083924,0.125754,0.1005115,0.066429
"219","ENSG00000244588.5","RAD21L1","protein_coding","chr20",1225056,"+",239,TRUE,"super_binder",0.002372,0,0,0.003385,0.0096045
"220","ENSG00000244619.2","AC243547.1","lncRNA","chr1",145891847,"+",222,TRUE,"super_binder",0,0.0257195,0,0,0
"221","ENSG00000245719.1","AC009292.1","lncRNA","chr15",67837880,"-",235,TRUE,"super_binder",0,0.0431075,0.0215165,0.0047785,0.023573
"222","ENSG00000245729.2","LINC02226","lncRNA","chr5",8456559,"-",219,TRUE,"super_binder",0,0,0,0,0
"223","ENSG00000245904.4","AC025164.1","lncRNA","chr12",92144573,"+",309,TRUE,"super_binder",0.008378,0.037047,0.0040735,0.011758,0.0563805
"224","ENSG00000246331.2","AC010198.1","lncRNA","chr12",30754074,"+",303,TRUE,"super_binder",0.0013965,0.011625,0,0,0
"225","ENSG00000246541.2","AC096746.1","lncRNA","chr4",94206557,"-",327,TRUE,"super_binder",0,0,0,0,0
"226","ENSG00000246662.6","LINC00535","lncRNA","chr8",93699434,"-",218,TRUE,"super_binder",0.0170665,0.076384,0.0685865,0.0919335,0.087559
"227","ENSG00000247033.1","AC099508.1","lncRNA","chr16",75109713,"-",233,TRUE,"super_binder",0,0,0,0,0
"228","ENSG00000247131.6","AC025263.1","lncRNA","chr12",69737575,"-",266,TRUE,"super_binder",0.002695,0.028692,0.065996,0.029518,0.0896095
"229","ENSG00000247213.7","LINC01498","lncRNA","chr12",108514024,"-",226,TRUE,"super_binder",0.003064,0.0311295,0,0.0243425,0.030651
"230","ENSG00000247867.2","AP001922.1","lncRNA","chr11",75767648,"-",344,TRUE,"super_binder",0.002966,0.044653,0.0381345,0.036078,0.0828375
"231","ENSG00000247970.2","AL160313.1","lncRNA","chr14",99603556,"+",320,TRUE,"super_binder",0,0.0075735,0,0,0
"232","ENSG00000248050.1","AC079061.1","lncRNA","chr8",109643115,"+",250,TRUE,"super_binder",0.0046835,0.0570595,0.0201665,0.029611,0.1565545
"233","ENSG00000248079.3","DPH6-DT","lncRNA","chr15",35545154,"+",312,TRUE,"super_binder",0,0.015904,0.146279,0.032338,0.369407
"234","ENSG00000248235.6","AC037459.1","protein_coding","chr8",22588274,"+",257,TRUE,"super_binder",0.0449115,0.0796855,0.3143995,0.499816,0
"235","ENSG00000248399.1","AL645924.1","lncRNA","chr4",2462797,"+",213,TRUE,"super_binder",0,0.074715,0.207905,0.1272245,0.188421
"236","ENSG00000248405.10","PRR5-ARHGAP8","protein_coding","chr22",44701233,"+",227,TRUE,"super_binder",0.002664,0.0932555,0,0.0116695,0.1338455
"237","ENSG00000248724.6","NPHP3-AS1","lncRNA","chr3",132720750,"+",267,TRUE,"super_binder",0.0008075,0.0968595,0.052222,0.0133715,0.207242
"238","ENSG00000248746.6","ACTN3","protein_coding","chr11",66545395,"+",257,TRUE,"super_binder",0.0033925,0.0102575,0,0.002904,0.0055385
"239","ENSG00000248839.1","AC021660.2","lncRNA","chr3",98521570,"+",282,TRUE,"super_binder",0,0,0,0,0.973399
"240","ENSG00000248980.1","AC019163.1","lncRNA","chr4",176319459,"-",276,TRUE,"super_binder",0,0,0,0,0
"241","ENSG00000249007.1","AL691482.3","lncRNA","chr1",202010370,"+",299,TRUE,"super_binder",0,0.0670485,0,0.0119915,0.1134375
"242","ENSG00000249131.2","PSD2-AS1","lncRNA","chr5",139746407,"-",270,TRUE,"super_binder",0.0064705,0.044203,0.016569,0.0588705,0.0586325
"243","ENSG00000249163.3","AL121809.1","lncRNA","chr14",45082978,"-",251,TRUE,"super_binder",0.0068325,0.008528,0.049569,0.0369675,0.0220835
"244","ENSG00000249240.2","AC069368.1","protein_coding","chr15",64840883,"+",249,TRUE,"super_binder",0,0.0667005,0.019154,0,0
"245","ENSG00000249487.7","LINC01586","lncRNA","chr15",88604111,"-",253,TRUE,"super_binder",0,0.052285,0.048999,0,0.2623815
"246","ENSG00000250379.1","AC020659.2","lncRNA","chr15",41826937,"-",220,TRUE,"super_binder",0.018909,0.0551665,0,0.054384,0.0408045
"247","ENSG00000251246.1","AL691442.1","protein_coding","chr1",155062748,"+",240,TRUE,"super_binder",0.036163,0.090406,0.235343,0,0.09469
"248","ENSG00000251569.1","AC093899.2","protein_coding","chr2",169478480,"+",310,TRUE,"super_binder",0,0,0.255179,0,0.1141775
"249","ENSG00000251665.1","AC005920.3","lncRNA","chr17",50943104,"+",388,TRUE,"super_binder",0,0.075029,0.052183,0.0548045,0.0733625
"250","ENSG00000253256.1","AC134043.2","lncRNA","chr5",159208921,"+",285,TRUE,"super_binder",0,0.0329405,0,0.026664,0
"251","ENSG00000253404.1","AC034243.1","lncRNA","chr5",138752310,"-",277,TRUE,"super_binder",0.005921,0.0378595,0,0.02005,0.1531315
"252","ENSG00000253596.1","AC103952.1","lncRNA","chr8",74349051,"-",324,TRUE,"super_binder",0,0.015309,0,0,0
"253","ENSG00000253613.2","AC008572.1","lncRNA","chr5",111091116,"-",360,TRUE,"super_binder",0,0,0,0,0
"254","ENSG00000253741.2","LNCOC1","lncRNA","chr8",142726017,"-",347,TRUE,"super_binder",0.0031365,0.098385,0.0470505,0.019901,0.283132
"255","ENSG00000253806.1","AC108002.1","lncRNA","chr8",142726691,"-",346,TRUE,"super_binder",0,0,0,0,0
"256","ENSG00000253917.4","AC226119.1","lncRNA","chr4",3954420,"-",263,TRUE,"super_binder",0,0.051094,0,0,0
"257","ENSG00000254028.1","AC083843.2","lncRNA","chr8",134831747,"+",321,TRUE,"super_binder",0.0203205,0.054632,0.072481,0.196891,0.191188
"258","ENSG00000254224.2","AP003465.1","lncRNA","chr8",96234427,"+",222,TRUE,"super_binder",0.003262,0.0811035,0.086237,0.08496,0.131106
"259","ENSG00000254333.1","NDST1-AS1","lncRNA","chr5",150484969,"-",268,TRUE,"super_binder",0,0.0324835,0,0,0
"260","ENSG00000254400.1","AC091564.2","lncRNA","chr11",6603421,"-",311,TRUE,"super_binder",0,0.059956,0.182739,0.2987555,0
"261","ENSG00000254462.1","TMX2-CTNND1","protein_coding","chr11",57711605,"+",238,TRUE,"super_binder",0.147428,0.054341,0.663006,0,0.2991335
"262","ENSG00000254532.2","AL358944.1","lncRNA","chr11",30321989,"-",312,TRUE,"super_binder",0.003187,0,0,0.0170875,0.0281765
"263","ENSG00000254578.1","AC084125.1","lncRNA","chr8",144462817,"+",256,TRUE,"super_binder",0,0,0,0,0
"264","ENSG00000254615.3","AC027031.2","lncRNA","chr8",106269144,"+",227,TRUE,"super_binder",0.0031085,0.006369,0.0385645,0.0122425,0
"265","ENSG00000254854.1","AP003390.1","lncRNA","chr11",119728583,"+",262,TRUE,"super_binder",0,0.0164415,0.0409385,0,0
"266","ENSG00000255045.1","AP000866.5","lncRNA","chr11",124745338,"-",209,TRUE,"super_binder",0.002681,0.08034,0.055551,0.0541115,0.2959085
"267","ENSG00000255089.1","AC136475.4","lncRNA","chr11",320991,"+",234,TRUE,"super_binder",0.063034,0,0,0,0
"268","ENSG00000255104.8","AC005324.4","protein_coding","chr17",15698692,"+",262,TRUE,"super_binder",0.28258,0.029472,0.006534,0.436762,0.0224185
"269","ENSG00000255129.6","AP000880.1","lncRNA","chr11",113313483,"-",287,TRUE,"super_binder",0.005146,0.067895,0.076695,0.025388,0.0496005
"270","ENSG00000255173.1","AP003068.3","lncRNA","chr11",65116157,"+",334,TRUE,"super_binder",0,0,0,0,0
"271","ENSG00000255292.8","AP002884.2","protein_coding","chr11",112085903,"+",273,TRUE,"super_binder",0,0.069481,0.081065,0,0.1829315
"272","ENSG00000255432.1","AP001458.2","protein_coding","chr11",62664179,"-",333,TRUE,"super_binder",0,0,0,0.0505455,0
"273","ENSG00000255440.2","AP001085.1","lncRNA","chr11",74397825,"+",222,TRUE,"super_binder",0.0014655,0,0,0.0069,0
"274","ENSG00000255571.9","MIR9-3HG","lncRNA","chr15",89360579,"+",282,TRUE,"super_binder",0.001057,0.0773045,0.041802,0.0243125,0.148831
"275","ENSG00000255621.1","AC023790.2","lncRNA","chr12",12999451,"+",241,TRUE,"super_binder",0.0054185,0.0762365,0.0975345,0.058264,0.1174335
"276","ENSG00000255760.2","LINC02422","lncRNA","chr12",31958317,"-",299,TRUE,"super_binder",0.0023215,0.0821645,0.05348,0.0138675,0.257365
"277","ENSG00000255835.1","AL117348.2","protein_coding","chr1",225923279,"-",312,TRUE,"super_binder",0.0271515,0,0,0,0
"278","ENSG00000256050.2","AL583722.1","lncRNA","chr14",104680146,"+",209,TRUE,"super_binder",0.0045785,0.045465,0.0282365,0.0162735,0.128558
"279","ENSG00000256100.1","AP000721.1","protein_coding","chr11",63973620,"+",295,TRUE,"super_binder",0,0.020433,0,0.121019,0.0617755
"280","ENSG00000256206.2","AC018523.2","protein_coding","chr11",14519345,"-",356,TRUE,"super_binder",0.0615855,0.084208,0.1213525,0.1201195,0.0476065
"281","ENSG00000256407.2","AL357673.1","protein_coding","chr1",54199074,"-",253,TRUE,"super_binder",0,0.020329,0,0.0079095,0.007295
"282","ENSG00000256500.5","AL139300.1","protein_coding","chr14",103561962,"+",291,TRUE,"super_binder",0,0.09184,2.8524695,0,0
"283","ENSG00000256632.3","AC135586.2","lncRNA","chr12",132687049,"+",295,TRUE,"super_binder",0,0.0201745,0.256923,0.449256,0.240794
"284","ENSG00000256670.1","AC078962.4","lncRNA","chr12",64608460,"-",270,TRUE,"super_binder",0.019136,0,0,0.2032415,0.163882
"285","ENSG00000256747.1","AC009511.2","lncRNA","chr12",27780068,"-",255,TRUE,"super_binder",0.1818325,0.035663,0,0.108109,0.965948
"286","ENSG00000256825.4","AC026786.1","protein_coding","chr12",133129984,"+",332,TRUE,"super_binder",0.044716,0,0,0,0
"287","ENSG00000256861.1","AC048338.1","protein_coding","chr12",122265424,"-",334,TRUE,"super_binder",0,0.090723,0.1811655,0.0089045,0
"288","ENSG00000257355.1","AC008770.1","protein_coding","chr19",12051968,"-",290,TRUE,"super_binder",0,0.073388,0.260517,0.091319,0
"289","ENSG00000257386.1","AC025257.1","lncRNA","chr12",74537634,"-",308,TRUE,"super_binder",0.1892055,0,14.2536105,0,3.3411935
"290","ENSG00000257443.1","AC068305.2","lncRNA","chr12",58919639,"+",324,TRUE,"super_binder",0,0.0288765,0,0.014182,0.077938
"291","ENSG00000257449.1","AC034102.3","lncRNA","chr12",56040807,"-",314,TRUE,"super_binder",0.0357,0.0533125,0.148877,0.1182265,0.3957125
"292","ENSG00000257529.5","RPL36A-HNRNPH2","protein_coding","chrX",101390011,"+",228,TRUE,"super_binder",0.003785,0.0458445,0.1967175,0.0489205,0.110668
"293","ENSG00000257548.1","AC078929.1","lncRNA","chr12",107092298,"+",295,TRUE,"super_binder",0,0,0,0,0
"294","ENSG00000257839.1","AC011611.4","lncRNA","chr12",76031658,"+",386,TRUE,"super_binder",0,0.092395,0.0392895,0.0108665,0.079628
"295","ENSG00000257910.1","AC124784.1","lncRNA","chr12",76877193,"+",224,TRUE,"super_binder",0,0.015216,0,0.014722,0.1260345
"296","ENSG00000258101.2","AC010173.1","lncRNA","chr12",49263757,"-",337,TRUE,"super_binder",0.003794,0.0519375,0.056817,0.0269935,0.0445535
"297","ENSG00000258285.1","TESC-AS1","lncRNA","chr12",117098481,"+",271,TRUE,"super_binder",0.0060275,0.067374,0.0592965,0.0621375,0.194134
"298","ENSG00000258343.2","AC090001.1","lncRNA","chr12",95857840,"-",229,TRUE,"super_binder",0.0164725,0.076611,0,0.175811,0.244398
"299","ENSG00000258404.1","LINC02320","lncRNA","chr14",101730109,"-",218,TRUE,"super_binder",0.011067,0.056702,0,0.073619,0
"300","ENSG00000258484.4","SPESP1","protein_coding","chr15",68817221,"+",264,TRUE,"super_binder",0,0.039345,0,0,0.0318925
"301","ENSG00000258504.2","AL157871.1","lncRNA","chr14",100290117,"+",217,TRUE,"super_binder",0,0,2.0358355,0,0
"302","ENSG00000258529.5","AP001781.2","protein_coding","chr11",111878426,"-",277,TRUE,"super_binder",0.0876715,0,0.076979,0,0.267895
"303","ENSG00000258553.5","AL157911.1","lncRNA","chr14",60090784,"-",348,TRUE,"super_binder",0.0382725,0.0646225,0.0537835,0.083317,0.402476
"304","ENSG00000258633.1","AL049870.2","lncRNA","chr14",44896078,"-",302,TRUE,"super_binder",0.0184735,0.0676675,0,0.0299115,0.4560765
"305","ENSG00000258717.1","AL132711.1","lncRNA","chr14",100678885,"-",282,TRUE,"super_binder",0,0,0,0.0411075,0
"306","ENSG00000258728.1","AL162231.3","protein_coding","chr9",34645645,"+",297,TRUE,"super_binder",0,0.015295,0,0,0
"307","ENSG00000258731.1","AL356020.1","lncRNA","chr14",53152354,"+",257,TRUE,"super_binder",0.074359,0.095008,0.0640845,0.095028,0.1036205
"308","ENSG00000258777.1","HIF1A-AS1","lncRNA","chr14",61694824,"-",312,TRUE,"super_binder",0.009123,0.054312,0.1076315,0.072792,0
"309","ENSG00000259003.1","AC243965.1","lncRNA","chr14",22555640,"+",241,TRUE,"super_binder",0.003625,0,0,0,0.060047
"310","ENSG00000259030.7","FPGT-TNNI3K","protein_coding","chr1",74197235,"+",203,TRUE,"super_binder",0,0.0592295,0.1022295,0.000978,0.28166
"311","ENSG00000259052.1","AL157871.6","lncRNA","chr14",100290457,"-",217,TRUE,"super_binder",0,0,0,0,0
"312","ENSG00000259053.1","AL137230.2","lncRNA","chr14",89953660,"-",243,TRUE,"super_binder",0,0,0,0,0
"313","ENSG00000259054.1","LINC02332","lncRNA","chr14",22556063,"-",241,TRUE,"super_binder",0,0,0,0,0
"314","ENSG00000259060.7","AL163195.3","protein_coding","chr14",20608796,"-",253,TRUE,"super_binder",0,0,0,0,0
"315","ENSG00000259132.1","AL132780.3","protein_coding","chr14",22981259,"-",375,TRUE,"super_binder",0,0,0,0,0
"316","ENSG00000259164.1","AC007375.2","protein_coding","chr14",77097311,"+",293,TRUE,"super_binder",0,0,0,0,0.125617
"317","ENSG00000259251.2","AC104590.1","lncRNA","chr15",62059503,"+",311,TRUE,"super_binder",0.0066495,0.0424485,0,0.038303,0.0443525
"318","ENSG00000259319.1","AF111167.2","lncRNA","chr14",75426742,"-",206,TRUE,"super_binder",0.009154,0.096025,0.1290715,0.0978425,0.0955195
"319","ENSG00000259409.1","BMF-AS1","lncRNA","chr15",40087832,"+",246,TRUE,"super_binder",0.053659,0,0,0,0
"320","ENSG00000259579.1","AC087762.1","lncRNA","chr15",100715249,"+",212,TRUE,"super_binder",0.0080635,0.0256325,0.070451,0,0.367323
"321","ENSG00000259784.1","AC093525.1","protein_coding","chr16",2512965,"+",297,TRUE,"super_binder",0,0.09544,0,0.110393,0.7319105
"322","ENSG00000259827.1","AC026461.1","lncRNA","chr16",56681470,"+",231,TRUE,"super_binder",0,0,0,0,0
"323","ENSG00000259843.2","AC007610.1","lncRNA","chr16",50065225,"-",304,TRUE,"super_binder",0,0.0539385,0,0.068727,0.3241795
"324","ENSG00000260021.1","AC098934.4","lncRNA","chr1",202809830,"-",327,TRUE,"super_binder",0.039141,0,0,0.0579225,0
"325","ENSG00000260111.1","AC012184.1","lncRNA","chr16",70378457,"+",249,TRUE,"super_binder",0,0.0294845,0,0.021036,0.068312
"326","ENSG00000260170.1","AC090527.2","protein_coding","chr15",45586351,"+",340,TRUE,"super_binder",0.01742,0.025194,0.198109,0.06347,0
"327","ENSG00000260488.1","AC007216.1","lncRNA","chr16",11976851,"-",292,TRUE,"super_binder",0,0.0828935,0,0,0.0552975
"328","ENSG00000260509.2","AL590787.1","lncRNA","chr13",25300439,"-",281,TRUE,"super_binder",0,0.0116135,0,0,0.0167125
"329","ENSG00000260519.1","AC096734.2","lncRNA","chr4",42656496,"+",263,TRUE,"super_binder",0.0843295,0.059161,0.0969115,0.45325,0.0858785
"330","ENSG00000260537.2","AC012184.2","protein_coding","chr16",70298194,"+",324,TRUE,"super_binder",0.0623055,0,0.7932715,0,0
"331","ENSG00000260572.1","AC069224.1","lncRNA","chr3",160754143,"-",236,TRUE,"super_binder",0.0011965,0.015725,0.069952,0.0099495,0.07832
"332","ENSG00000260657.2","AC107871.2","lncRNA","chr15",68276995,"-",354,TRUE,"super_binder",0,0.0417515,0,0.0446555,0.1943285
"333","ENSG00000260729.1","AC009690.1","protein_coding","chr15",72374982,"-",345,TRUE,"super_binder",0.00227,0.086692,0.046143,0,0.1648925
"334","ENSG00000260805.2","AC092803.1","lncRNA","chr1",212558732,"-",217,TRUE,"super_binder",0.0017435,0.018988,0.0125495,0.0500575,0.0528885
"335","ENSG00000260903.3","XKR7","protein_coding","chr20",31967151,"+",380,TRUE,"super_binder",0,0,0,0,0
"336","ENSG00000260996.1","BX255925.1","lncRNA","chr9",137294722,"-",203,TRUE,"super_binder",0.006931,0.046911,0,0.0211935,0.068235
"337","ENSG00000261029.1","AC138304.1","lncRNA","chr16",82169296,"+",336,TRUE,"super_binder",0,0,0,0,0
"338","ENSG00000261033.1","AC005730.2","lncRNA","chr17",20008235,"-",209,TRUE,"super_binder",0,0.006789,0.020977,0,0
"339","ENSG00000261071.1","AL441883.1","lncRNA","chr6",13614156,"-",384,TRUE,"super_binder",0,0,0,0,0
"340","ENSG00000261147.1","AC091167.2","protein_coding","chr15",90248556,"+",275,TRUE,"super_binder",0.0146595,0.0719055,0.051451,0.088857,0.0715565
"341","ENSG00000261318.1","AC055855.2","lncRNA","chr15",66292358,"-",270,TRUE,"super_binder",0.0193395,0.03168,0.042319,0,0.0453275
"342","ENSG00000261348.2","LINC02136","lncRNA","chr16",71425465,"-",326,TRUE,"super_binder",0.0044355,0.0059505,0.0156085,0,0.0164675
"343","ENSG00000261407.2","AC013565.3","lncRNA","chr15",89087378,"-",247,TRUE,"super_binder",0.071781,0.019491,0,0.2100335,0.0440595
"344","ENSG00000261447.1","AL162412.1","lncRNA","chr9",69671749,"+",207,TRUE,"super_binder",0,0,0,0,0.032155
"345","ENSG00000261449.1","AC103724.3","lncRNA","chr8",42151764,"-",286,TRUE,"super_binder",0.0299585,0.0300915,0,0.036156,0.02813
"346","ENSG00000261514.1","LINC01976","lncRNA","chr17",43937363,"+",280,TRUE,"super_binder",0,0,0,0,0
"347","ENSG00000261570.2","AC073878.1","lncRNA","chr7",141550305,"-",320,TRUE,"super_binder",0,0,0,0.0166095,0
"348","ENSG00000261652.3","C15orf65","protein_coding","chr15",55407495,"+",308,TRUE,"super_binder",0,0.068512,0.0739745,0.0498315,0.0481475
"349","ENSG00000261687.1","AC068724.1","lncRNA","chr15",43184142,"-",289,TRUE,"super_binder",0,0.0897075,0,0,0.0820305
"350","ENSG00000261693.1","AC134682.1","lncRNA","chr8",142402652,"+",272,TRUE,"super_binder",0.0052425,0.049059,0.024005,0.0330525,0.0974405
"351","ENSG00000261771.5","DNAAF4-CCPG1","lncRNA","chr15",55497361,"-",218,TRUE,"super_binder",0.001103,0,0,0,0.012283
"352","ENSG00000262006.1","AC005920.4","lncRNA","chr17",50909233,"-",276,TRUE,"super_binder",0,0,0,0,0
"353","ENSG00000262412.1","AL160291.1","lncRNA","chr10",27242130,"+",323,TRUE,"super_binder",0.0218115,0.0667225,0.0601485,0.123911,0.1952455
"354","ENSG00000262413.1","AC145207.2","lncRNA","chr17",81866721,"+",300,TRUE,"super_binder",0,0,0,0,0.184825
"355","ENSG00000262429.1","AC004771.4","lncRNA","chr17",4966995,"+",317,TRUE,"super_binder",0.0430865,0,0,0.054893,0.1570415
"356","ENSG00000262521.1","AJ003147.1","lncRNA","chr16",3183019,"-",255,TRUE,"super_binder",0,0.023545,0,0,0
"357","ENSG00000262585.1","LINC01979","lncRNA","chr17",79925726,"-",253,TRUE,"super_binder",0.0142185,0.056105,0.020939,0.050312,0.088644
"358","ENSG00000262633.2","AC005670.2","protein_coding","chr17",46922133,"+",322,TRUE,"super_binder",0.1522785,0.0667745,0,0.0470115,0.3089
"359","ENSG00000262660.1","AC139530.2","protein_coding","chr17",81702371,"+",358,TRUE,"super_binder",0,0,0,0,0
"360","ENSG00000262721.1","AC135048.2","lncRNA","chr16",30894217,"-",334,TRUE,"super_binder",0,0,0,0,0
"361","ENSG00000262768.2","AC100791.2","lncRNA","chr17",79799598,"+",230,TRUE,"super_binder",0,0.044204,0.0375775,0,0
"362","ENSG00000262786.1","AC005224.1","lncRNA","chr17",14296601,"-",263,TRUE,"super_binder",0.0095865,0.0085565,0.0113905,0.014936,0.049186
"363","ENSG00000263212.2","AC004224.2","lncRNA","chr16",3457071,"+",354,TRUE,"super_binder",0,0,0,0.1192135,0
"364","ENSG00000263293.2","AC068234.2","lncRNA","chr17",47322614,"-",341,TRUE,"super_binder",0,0.0947835,0.0465565,0.067358,0.1370285
"365","ENSG00000263809.1","AC135178.3","protein_coding","chr17",8382188,"-",324,TRUE,"super_binder",0.0017205,0,0,0,0
"366","ENSG00000263917.1","AC011825.3","lncRNA","chr18",32017829,"+",279,TRUE,"super_binder",0,0,0,0.069058,0
"367","ENSG00000263923.1","AC019131.1","lncRNA","chr4",98927897,"+",308,TRUE,"super_binder",0,0.053116,0,0.011063,0.065077
"368","ENSG00000264187.1","AC055811.2","protein_coding","chr17",17236186,"-",269,TRUE,"super_binder",0,0.050788,0.034688,0.06552,0.0644
"369","ENSG00000264448.5","MIR378D2HG","lncRNA","chr8",93915683,"-",249,TRUE,"super_binder",0.015407,0.040214,0,0.10932,0.055739
"370","ENSG00000264545.2","AL359922.1","protein_coding","chr9",21801636,"+",310,TRUE,"super_binder",0,0,0,0.0408415,0
"371","ENSG00000264745.1","TTC39C-AS1","lncRNA","chr18",24014340,"-",225,TRUE,"super_binder",0,0.009495,0.055757,0,0.0245585
"372","ENSG00000264765.1","AC098850.2","lncRNA","chr17",16652904,"+",290,TRUE,"super_binder",0,0,0,0,0
"373","ENSG00000265257.5","AP005263.1","lncRNA","chr18",9101736,"+",313,TRUE,"super_binder",0,0,0,0,0
"374","ENSG00000265818.1","EEF1E1-BLOC1S5","protein_coding","chr6",8101531,"-",278,TRUE,"super_binder",0,0.0335835,0.571401,0,0
"375","ENSG00000266642.2","AC024267.6","lncRNA","chr17",28896738,"+",281,TRUE,"super_binder",0.0752805,0.0202335,0,0.0589355,0
"376","ENSG00000266824.1","AC129492.4","lncRNA","chr17",8175812,"+",206,TRUE,"super_binder",0.038321,0.0841445,0,0.0353595,0.110349
"377","ENSG00000266826.2","AC011195.2","protein_coding","chr17",58691019,"-",346,TRUE,"super_binder",0,0.004185,0,0,0
"378","ENSG00000266919.3","hsa-mir-423","lncRNA","chr17",30116173,"-",260,TRUE,"super_binder",0,0,0,0,0
"379","ENSG00000266929.1","AC067852.1","lncRNA","chr17",42535510,"+",339,TRUE,"super_binder",0.0063135,0,0,0,0
"380","ENSG00000266983.1","AC011444.1","lncRNA","chr19",5977403,"+",377,TRUE,"super_binder",0.007629,0.0791925,0.0651065,0.027503,0.142011
"381","ENSG00000267024.1","AC008747.1","lncRNA","chr19",34427274,"-",310,TRUE,"super_binder",0.0248235,0.028683,0.0857715,0,0.0780665
"382","ENSG00000267095.1","AC025048.1","lncRNA","chr17",60139082,"-",348,TRUE,"super_binder",0,0,0,0,0
"383","ENSG00000267140.1","AC007998.2","protein_coding","chr18",35496941,"-",342,TRUE,"super_binder",0,0.0723465,0.199435,0.027436,0
"384","ENSG00000267165.1","CHMP1B-AS1","lncRNA","chr18",11851752,"-",212,TRUE,"super_binder",0.005662,0,4.1757415,0.241439,0.166217
"385","ENSG00000267231.1","AC005786.2","lncRNA","chr19",3557015,"+",266,TRUE,"super_binder",0.1169745,0.0520635,0,0.307629,0.744285
"386","ENSG00000267232.1","AC012615.5","lncRNA","chr19",1874016,"+",288,TRUE,"super_binder",0,0.0266565,0,0,0
"387","ENSG00000267314.1","AC104532.1","protein_coding","chr19",5903841,"+",316,TRUE,"super_binder",0,0.080688,0.253627,0.09424,0.0764675
"388","ENSG00000267396.1","AC090236.1","lncRNA","chr18",58399083,"-",206,TRUE,"super_binder",0.0045575,0,0.104251,0.114264,0
"389","ENSG00000267414.1","AC120049.1","lncRNA","chr18",44678718,"-",211,TRUE,"super_binder",0,0.0617225,0,0,0.2793185
"390","ENSG00000267417.1","AC138474.1","lncRNA","chr19",13013512,"-",213,TRUE,"super_binder",0,0.0502465,0,0.036665,0.0759595
"391","ENSG00000267477.1","AC008481.3","protein_coding","chr19",11504699,"-",263,TRUE,"super_binder",0,0,0,0,0
"392","ENSG00000267598.1","AC011446.2","lncRNA","chr19",13153194,"-",307,TRUE,"super_binder",0,0,0,0,0
"393","ENSG00000267626.1","AC002115.1","lncRNA","chr19",35611667,"-",247,TRUE,"super_binder",0,0.031618,0,0.0287785,0
"394","ENSG00000267646.1","AC008543.5","lncRNA","chr19",11797599,"-",257,TRUE,"super_binder",0.0041305,0.063543,0.0084225,0.0031625,0.13566
"395","ENSG00000268050.2","AL158151.3","lncRNA","chr9",129174807,"+",283,TRUE,"super_binder",0,0,0,0,0
"396","ENSG00000268066.5","FMR1-AS1","lncRNA","chrX",147910818,"-",248,TRUE,"super_binder",0.0044455,0.0137085,0.0127285,0.009213,0.1060775
"397","ENSG00000268120.1","AC010336.3","lncRNA","chr19",7869561,"+",210,TRUE,"super_binder",0,0,0,0,0
"398","ENSG00000268133.1","AC003002.1","protein_coding","chr19",57362566,"+",219,TRUE,"super_binder",0,0,0,0,0
"399","ENSG00000268307.1","LINC02560","lncRNA","chr19",58399221,"+",213,TRUE,"super_binder",0,0.0504375,0,0.156674,0.2909105
"400","ENSG00000268400.5","AC008763.2","protein_coding","chr19",7628796,"+",210,TRUE,"super_binder",0,0.0847855,0,0,0.1173275
"401","ENSG00000268480.3","LINC01862","protein_coding","chr19",8629635,"+",226,TRUE,"super_binder",0.0032535,0.017011,0,0.0347655,0.0997825
"402","ENSG00000268530.6","AC008403.2","lncRNA","chr19",48468694,"-",254,TRUE,"super_binder",0.009973,0.05309,0,0.0156215,0.07114
"403","ENSG00000268592.3","AL355312.3","lncRNA","chr6",149862494,"+",306,TRUE,"super_binder",0.049505,0.0373045,0.050651,0,0.105504
"404","ENSG00000268614.1","AC008878.2","protein_coding","chr19",7532595,"+",212,TRUE,"super_binder",0,0,0,0,0
"405","ENSG00000268628.2","AL121761.1","lncRNA","chr20",19757038,"-",267,TRUE,"super_binder",0.0070765,0.0881185,0.0205895,0.0371615,0.3184565
"406","ENSG00000268643.1","AC006486.1","protein_coding","chr19",42254133,"-",310,TRUE,"super_binder",0,0.093076,0,0.4022735,0.641994
"407","ENSG00000269058.5","CALR3","protein_coding","chr19",16495193,"-",241,TRUE,"super_binder",0.013626,0.0300415,0,0.2947875,0.142791
"408","ENSG00000269106.1","AC012313.7","lncRNA","chr19",58474764,"-",280,TRUE,"super_binder",0.050917,0,0,0.2906125,0.5339695
"409","ENSG00000269107.1","AC092329.1","lncRNA","chr19",23273233,"-",235,TRUE,"super_binder",0.0275365,0.0605085,0,0.11971,0.7841165
"410","ENSG00000269139.2","AC010336.5","lncRNA","chr19",7925001,"+",242,TRUE,"super_binder",0,0.096752,0,0.0257935,0.168435
"411","ENSG00000269145.2","AC007192.2","lncRNA","chr19",18150692,"-",267,TRUE,"super_binder",0.045221,0,1.577624,1.1241125,0
"412","ENSG00000269590.1","AC010422.5","protein_coding","chr19",12668398,"-",267,TRUE,"super_binder",0,0,0,0,0
"413","ENSG00000269792.1","AC011500.3","lncRNA","chr19",39531412,"+",219,TRUE,"super_binder",0,0,0,0,0.0724155
"414","ENSG00000269802.1","AC011491.3","lncRNA","chr19",6361150,"-",307,TRUE,"super_binder",0,0,0,0.0156625,0
"415","ENSG00000269859.1","AC008735.3","lncRNA","chr19",55475483,"-",311,TRUE,"super_binder",0.064548,0.069292,0,0.171607,0.070997
"416","ENSG00000269891.2","ARHGAP19-SLIT1","protein_coding","chr10",97291638,"-",284,TRUE,"super_binder",0.1164715,0.060346,0.01482,0.1252555,0.03931
"417","ENSG00000269897.5","COMMD3-BMI1","protein_coding","chr10",22315388,"+",289,TRUE,"super_binder",0.066985,0.0524965,0.1004985,0.020804,0.1282885
"418","ENSG00000269926.1","DDIT4-AS1","lncRNA","chr10",72274981,"-",316,TRUE,"super_binder",0,0,0.151107,0.033122,0
"419","ENSG00000270021.1","AC026691.1","lncRNA","chr5",135398280,"+",292,TRUE,"super_binder",0.002351,0.0108345,0.0094135,0.027864,0.0101975
"420","ENSG00000270103.3","AL360012.1","lncRNA","chr1",28647600,"+",362,TRUE,"super_binder",0,0,0,0,220.157441
"421","ENSG00000270106.6","TSNAX-DISC1","protein_coding","chr1",231527653,"+",269,TRUE,"super_binder",0.0275605,0.096041,0.0430015,0.0241885,0.2200495
"422","ENSG00000270117.1","AP000769.2","lncRNA","chr11",65497406,"-",360,TRUE,"super_binder",0.2562915,0,0,0.033046,0
"423","ENSG00000270136.6","MICOS10-NBL1","protein_coding","chr1",19596067,"+",266,TRUE,"super_binder",0.009628,0.014131,0,0,0
"424","ENSG00000270299.1","AL121758.1","protein_coding","chr20",674801,"-",327,TRUE,"super_binder",0.02612,0.0846145,0.169395,0.1596,0.2722115
"425","ENSG00000270876.1","ZNF30-AS1","lncRNA","chr19",34925813,"-",285,TRUE,"super_binder",0,0.085451,0,0.0273165,0.157653
"426","ENSG00000271185.1","AC007029.1","lncRNA","chr7",10939423,"+",263,TRUE,"super_binder",0.195326,0.0957535,0.2753205,0.153206,0.373262
"427","ENSG00000271653.1","AC097359.3","lncRNA","chr3",37215779,"+",230,TRUE,"super_binder",0.033805,0.0879945,0.065983,0.088831,0.116999
"428","ENSG00000271914.1","AL139286.2","lncRNA","chr1",35929116,"-",292,TRUE,"super_binder",0,0,0,0,0
"429","ENSG00000271931.1","AL353135.1","lncRNA","chr6",89079668,"-",335,TRUE,"super_binder",0.0898985,0.094986,0.2544785,0.3043285,0.600479
"430","ENSG00000272008.1","AL139274.2","lncRNA","chr6",87154286,"-",369,TRUE,"super_binder",0.002069,0.0534475,0.0598065,0.0456895,0.117981
"431","ENSG00000272031.3","ANKRD34A","protein_coding","chr1",145963576,"-",215,TRUE,"super_binder",0.002388,0.0378695,0.0358565,0.0188285,0.0739905
"432","ENSG00000272104.1","Z84492.1","protein_coding","chr3",50349892,"+",335,TRUE,"super_binder",0,0,0,0,0
"433","ENSG00000272114.1","AL136131.3","lncRNA","chr6",43769617,"-",368,TRUE,"super_binder",0.624779,0,5.1582235,0,10.167532
"434","ENSG00000272162.1","AL024498.2","protein_coding","chr6",10746794,"+",330,TRUE,"super_binder",0,0,0,0,0.039779
"435","ENSG00000272247.1","AC080013.5","lncRNA","chr3",158800936,"-",304,TRUE,"super_binder",0.0508485,0.0289835,0,0.1215695,0.153979
"436","ENSG00000272259.5","LINC01749","lncRNA","chr20",63008383,"+",236,TRUE,"super_binder",0.0173275,0.032808,0.006146,0.034957,0.0216245
"437","ENSG00000272324.5","AC012629.2","lncRNA","chr5",10760065,"+",211,TRUE,"super_binder",0,0.0385555,0,0,1.146369
"438","ENSG00000272410.5","AC022384.1","protein_coding","chr3",10248372,"+",280,TRUE,"super_binder",0.03415,0.0684805,0.930851,0.8194115,1.003158
"439","ENSG00000272438.1","AL645608.6","lncRNA","chr1",903834,"+",204,TRUE,"super_binder",0,0,0,0,0
"440","ENSG00000272657.1","AP000317.2","lncRNA","chr21",34072592,"+",249,TRUE,"super_binder",0.0120725,0.0617345,0.0934945,0,0
"441","ENSG00000272679.1","AL355987.2","lncRNA","chr9",136799366,"+",323,TRUE,"super_binder",0.0064685,0,0,0,0
"442","ENSG00000272741.1","AC069257.3","protein_coding","chr3",196317223,"-",321,TRUE,"super_binder",0,0.0416575,0,0,0.052447
"443","ENSG00000272762.5","AC115284.1","lncRNA","chr3",51973032,"-",336,TRUE,"super_binder",0.0086785,0.033744,0.193221,0,0
"444","ENSG00000272821.1","U62317.2","lncRNA","chr22",50522926,"+",207,TRUE,"super_binder",0,0,0,0,0
"445","ENSG00000272896.1","AL355987.3","protein_coding","chr9",136790379,"+",266,TRUE,"super_binder",0.006559,0.0497425,0.0419975,0,0.062676
"446","ENSG00000272933.1","AL391121.1","lncRNA","chr10",102643141,"-",346,TRUE,"super_binder",0,0,0.887612,0.67449,0
"447","ENSG00000272991.1","AF129408.1","lncRNA","chr21",39183469,"+",327,TRUE,"super_binder",0,0,0,0.0499385,0
"448","ENSG00000273003.1","ARL2-SNX15","protein_coding","chr11",65013182,"+",312,TRUE,"super_binder",0.015722,0.0389515,0,0,0.0353175
"449","ENSG00000273171.1","AC002094.3","protein_coding","chr17",28367013,"-",242,TRUE,"super_binder",0,0,0,0,0
"450","ENSG00000273217.1","AC008695.1","protein_coding","chr5",131795984,"-",365,TRUE,"super_binder",2e-06,0,0,0.0069255,0
"451","ENSG00000273269.3","AC073283.3","protein_coding","chr2",47175512,"-",391,TRUE,"super_binder",0,0.0373445,0,0,0.0728805
"452","ENSG00000273299.1","AC006153.1","lncRNA","chr7",90402434,"+",219,TRUE,"super_binder",0,0,0,0,0
"453","ENSG00000273481.1","AL391069.3","lncRNA","chr1",151326949,"+",218,TRUE,"super_binder",0.042781,0.068095,0.1880275,0.027697,0.1936625
"454","ENSG00000273542.1","HIST1H4K","protein_coding","chr6",27830528,"-",310,TRUE,"super_binder",0,0.067555,0,0,0
"455","ENSG00000273637.1","AL139260.2","lncRNA","chr1",38873495,"-",243,TRUE,"super_binder",0,0.0128485,0.017571,0,0
"456","ENSG00000273734.1","AC005258.1","protein_coding","chr19",2268525,"+",332,TRUE,"super_binder",0,0,0,0,0
"457","ENSG00000274049.4","INO80B-WBP1","protein_coding","chr2",74454088,"+",293,TRUE,"super_binder",0.08475,0.039362,1.9041115,0.0885825,0
"458","ENSG00000274810.4","NPHP3-ACAD11","protein_coding","chr3",132721460,"-",281,TRUE,"super_binder",0.0317825,0.0982225,0,0.0576185,0.3695195
"459","ENSG00000275527.1","AC100835.2","lncRNA","chr15",74598398,"-",250,TRUE,"super_binder",0,0,0.242629,0,0.805675
"460","ENSG00000275857.1","AC009133.4","lncRNA","chr16",29803991,"-",371,TRUE,"super_binder",0.44055,0,1.014309,1.2972815,8.026217
"461","ENSG00000276075.1","AC027682.6","lncRNA","chr16",67527676,"-",281,TRUE,"super_binder",0.0765605,0.0858165,0.148058,0.259969,0.0619985
"462","ENSG00000276831.1","AC020922.4","lncRNA","chr19",55338284,"-",234,TRUE,"super_binder",0.1632335,0.0416405,0.107357,0.098081,0.1059945
"463","ENSG00000276851.1","AC002401.4","lncRNA","chr17",50093065,"+",279,TRUE,"super_binder",0,0.03375,0,0.0464395,0.04277
"464","ENSG00000277235.1","AL035420.3","lncRNA","chr20",36063564,"-",262,TRUE,"super_binder",0,0.0865615,0,0.241285,0.1156305
"465","ENSG00000277482.1","AC090607.5","lncRNA","chr15",78298701,"+",273,TRUE,"super_binder",0,0,0,0,0
"466","ENSG00000277726.4","AL109811.3","protein_coding","chr1",11011662,"+",312,TRUE,"super_binder",0,0.0509615,0.047368,0,0.0533455
"467","ENSG00000278002.1","AL627171.1","lncRNA","chr14",49862072,"+",301,TRUE,"super_binder",0.0264725,0.0515965,0.0195255,0.1379175,0.1750285
"468","ENSG00000278095.1","AC022509.4","lncRNA","chr12",26272901,"-",207,TRUE,"super_binder",0.011724,0.014602,0.036075,0.033528,0.0679075
"469","ENSG00000278431.1","AC243547.2","lncRNA","chr1",145960388,"+",204,TRUE,"super_binder",0,0,0,0,0
"470","ENSG00000278546.1","AC003101.2","lncRNA","chr17",31559132,"+",221,TRUE,"super_binder",0,0.0601095,0,0.0454345,0.2679255
"471","ENSG00000279607.1","AL358613.2","lncRNA","chr10",93070972,"+",213,TRUE,"super_binder",0.0101805,0.017042,0,0,0
"472","ENSG00000280382.1","AC096920.1","lncRNA","chr3",50600149,"-",266,TRUE,"super_binder",0.0349765,0.0665515,0.179551,0.4784225,0.45766
"473","ENSG00000280571.2","AC006059.2","protein_coding","chr3",42803519,"-",326,TRUE,"super_binder",0.0028205,0.0814745,0.0967765,0.0596575,0.0312195
"474","ENSG00000280607.1","AC009133.5","lncRNA","chr16",29807679,"+",352,TRUE,"super_binder",0,0,0,0,0
"475","ENSG00000280778.1","AC243547.3","protein_coding","chr1",145926258,"+",242,TRUE,"super_binder",0.003142,0.026995,0,0.046164,0.0370075
"476","ENSG00000280890.1","ELDR","lncRNA","chr7",55254636,"-",257,TRUE,"super_binder",0.0042065,0,0.006398,0.0072435,0.0130665
"477","ENSG00000280893.1","AC009133.6","protein_coding","chr16",29811261,"+",261,TRUE,"super_binder",0.8554755,0,8.190138,6.3731935,0.6489145
"478","ENSG00000281162.2","LINC01127","lncRNA","chr2",101961056,"+",257,TRUE,"super_binder",0.0025355,0.0348555,0.020538,0.0281475,0.101424
"479","ENSG00000281809.1","LINC01394","lncRNA","chr6",1323023,"-",202,TRUE,"super_binder",0.006659,0.0319425,0,0.051313,0.0792585
"480","ENSG00000281938.2","AC034228.4","protein_coding","chr5",132010638,"-",246,TRUE,"super_binder",0,0,0,0,0.0163635
"481","ENSG00000282278.1","AC058822.1","protein_coding","chr4",53376839,"+",285,TRUE,"super_binder",0,0.0078385,0,0,0.0138135
"482","ENSG00000282564.1","AL133516.1","lncRNA","chr1",230425491,"+",335,TRUE,"super_binder",0,0,0,0,0
"483","ENSG00000282836.1","AC068544.2","lncRNA","chr2",196638498,"-",292,TRUE,"super_binder",0,0.0799685,0.195838,0.088041,0
"484","ENSG00000282904.2","AC107398.4","lncRNA","chr4",47462590,"+",240,TRUE,"super_binder",0.0089385,0.0415355,0,0.019258,0.025772
"485","ENSG00000282952.1","AL583852.1","lncRNA","chr10",78550720,"-",236,TRUE,"super_binder",0.003324,0.015831,0,0.014619,0.1681525
"486","ENSG00000282996.1","MPP7-DT","lncRNA","chr10",28302300,"+",253,TRUE,"super_binder",0.0025255,0.033386,0.0233735,0,0.0426175
"487","ENSG00000283201.1","AC092329.3","protein_coding","chr19",23273222,"-",236,TRUE,"super_binder",0,0,0.3360315,0,0.025609
"488","ENSG00000283213.1","AC130466.1","lncRNA","chr16",22812681,"-",282,TRUE,"super_binder",0.00029,0.0208195,0.004903,0.0053785,0.1099355
"489","ENSG00000283321.1","AC019117.3","protein_coding","chr7",17298295,"+",301,TRUE,"super_binder",0,0,0,0,0.059662
"490","ENSG00000283480.1","AL512380.2","lncRNA","chr6",21594594,"-",214,TRUE,"super_binder",0,0,0,0,0
"491","ENSG00000283496.1","ZNF511-PRAP1","protein_coding","chr10",133308410,"+",243,TRUE,"super_binder",0,0,0,0,0
"492","ENSG00000283526.1","PRRT1B","protein_coding","chr9",131544514,"+",230,TRUE,"super_binder",0,0,0.0301365,0,0.0332815
"493","ENSG00000283629.1","AC016526.4","lncRNA","chr14",76151628,"-",249,TRUE,"super_binder",0.0048795,0.0782315,0.1203075,0.0750005,0.419872
"494","ENSG00000283667.1","AC009802.1","lncRNA","chr18",63969182,"-",224,TRUE,"super_binder",0.0011445,0.0252035,0.028964,0.0213695,0.0504075
"495","ENSG00000283782.2","AC116366.3","protein_coding","chr5",132409832,"+",277,TRUE,"super_binder",0.0122345,0.077355,0.0133335,0.0203655,0.4451935
"496","ENSG00000283900.1","TPTEP2-CSNK1E","protein_coding","chr22",38397523,"-",237,TRUE,"super_binder",0,0.0380605,0.038931,0.0508595,0.0519255
"497","ENSG00000284299.1","AL590132.1","protein_coding","chr1",211133147,"-",233,TRUE,"super_binder",0,0,0,0,0
"498","ENSG00000284308.1","C2orf81","protein_coding","chr2",74420592,"-",214,TRUE,"super_binder",0.00547,0.0703055,0.0560995,0.056361,0.104634
"499","ENSG00000284395.1","AL032819.3","protein_coding","chr16",1430035,"+",247,TRUE,"super_binder",0,0.092984,0,0.0424045,0.143293
"500","ENSG00000284626.1","AC091167.7","protein_coding","chr15",90233200,"+",291,TRUE,"super_binder",0.005234,0.054345,0.006514,0,0.029763
"501","ENSG00000284677.1","AL031985.4","lncRNA","chr1",40449040,"-",276,TRUE,"super_binder",0,0.086979,0.0317705,0.0225965,0.099774
"502","ENSG00000284699.1","AL445648.1","lncRNA","chr1",24703894,"+",209,TRUE,"super_binder",0.021532,0.051454,0.0223805,0.120921,0.022685
"503","ENSG00000284762.1","AC022414.1","protein_coding","chr5",77085732,"+",264,TRUE,"super_binder",0,0,0,0.002653,0.0060285
"504","ENSG00000284914.1","AL121935.2","lncRNA","chr6",167130573,"-",207,TRUE,"super_binder",0,0.068955,0.03837,0.007559,0.0952705
"505","ENSG00000284917.1","EEF1AKMT4-ECE2","protein_coding","chr3",184248695,"+",331,TRUE,"super_binder",0.0007395,0.002113,0,0.0049655,0.0057295
"506","ENSG00000284922.1","AP000812.5","protein_coding","chr11",72079777,"+",235,TRUE,"super_binder",0.014449,0,0.166953,0.073686,0
"507","ENSG00000284989.1","AL451062.3","protein_coding","chr1",43649149,"+",273,TRUE,"super_binder",0,0,0,0,0.0170005
"508","ENSG00000285006.1","AC005280.3","lncRNA","chr14",73462643,"-",208,TRUE,"super_binder",0.006068,0,0.13881,0.02455,0
"509","ENSG00000285068.1","AC074008.2","lncRNA","chr2",73384678,"-",301,TRUE,"super_binder",0,0,0,0,0
"510","ENSG00000285133.1","AC022506.1","protein_coding","chr12",57519481,"-",307,TRUE,"super_binder",1.8939635,0,1.4721285,9.517512,33.95356
"511","ENSG00000285253.1","AC090517.4","protein_coding","chr15",56917572,"-",323,TRUE,"super_binder",0.00095,0.061096,0,0.0089605,0.1339265
"512","ENSG00000285292.1","ABCF2","protein_coding","chr7",151226167,"-",259,TRUE,"super_binder",0.20183,0,17.4631745,1.905805,2.905144
"513","ENSG00000285404.1","Z82190.2","protein_coding","chr22",31753899,"+",287,TRUE,"super_binder",0,0,0,0,0
"514","ENSG00000285528.1","AC097104.1","protein_coding","chr12",56487171,"-",310,TRUE,"super_binder",0,0.0281945,0.0473345,0,0
"515","ENSG00000285539.1","AC006059.3","lncRNA","chr3",42731923,"-",240,TRUE,"super_binder",0,0,0,0,0
"516","ENSG00000285542.1","AC013717.1","protein_coding","chr2",44167851,"+",323,TRUE,"super_binder",0.0006475,0.046824,0.0538465,0.012552,0.030263
"517","ENSG00000285558.1","AC112504.2","protein_coding","chr3",141737474,"+",316,TRUE,"super_binder",0,0,0,0,0.050845
"518","ENSG00000285575.1","AP001496.4","lncRNA","chr18",5196165,"+",251,TRUE,"super_binder",0.0008455,0.0135655,0,0.0035065,0.0579305
"519","ENSG00000285579.1","AC015687.1","lncRNA","chr8",70668369,"+",363,TRUE,"super_binder",0,0.0208585,0.019064,0.006853,0.041639
"520","ENSG00000285583.1","AC010422.7","lncRNA","chr19",12670024,"-",217,TRUE,"super_binder",0,0.0716205,0,0,0.1489475
"521","ENSG00000285639.1","AL133259.1","lncRNA","chr6",14210187,"-",279,TRUE,"super_binder",0,0,0,0,0
"522","ENSG00000285655.1","AC009879.2","protein_coding","chr8",66429185,"+",287,TRUE,"super_binder",0,0,0,0,0
"523","ENSG00000285703.1","AL021918.3","lncRNA","chr6",27518436,"-",210,TRUE,"super_binder",0.115055,0,0,0.050865,0.3997235
"524","ENSG00000285736.1","AC131025.3","lncRNA","chr5",149344334,"-",339,TRUE,"super_binder",0.0130975,0.0333965,0,0.062564,0.066122
"525","ENSG00000285772.1","AC000120.2","protein_coding","chr7",92178512,"-",205,TRUE,"super_binder",0.0084535,0.0837975,0,0,0.561809
"526","ENSG00000285788.1","AC099782.2","lncRNA","chr3",45841265,"+",218,TRUE,"super_binder",0,0,0,0,0
"527","ENSG00000285815.1","WRB-SH3BGR","protein_coding","chr21",39379332,"+",234,TRUE,"super_binder",0.0013505,0.0832495,0.227801,0.0259415,0.227955
"528","ENSG00000285853.1","AL137802.3","lncRNA","chr1",16514034,"+",323,TRUE,"super_binder",0.0100695,0.083202,0.0899375,0.0982615,0.192324
"529","ENSG00000285908.1","AC080128.2","lncRNA","chr3",133805140,"-",238,TRUE,"super_binder",0.000943,0.0319355,0,0.005925,0.0541445
"530","ENSG00000285911.1","AL391834.3","lncRNA","chr9",19407533,"-",283,TRUE,"super_binder",0,0,0,0,0
"531","ENSG00000285952.1","AC020663.4","lncRNA","chr16",4800424,"-",249,TRUE,"super_binder",0,0.0427305,0.010752,0.024312,0.039718
"532","ENSG00000286022.1","AL121899.2","protein_coding","chr20",2206328,"+",231,TRUE,"super_binder",0,0,0,0,0
"533","ENSG00000286088.1","AC073585.2","protein_coding","chr10",122878584,"-",242,TRUE,"super_binder",0.000594,0.0612615,0,0,0.2030805
"534","ENSG00000286105.1","AL353579.1","protein_coding","chr6",37256638,"-",287,TRUE,"super_binder",0,0.030821,0,0,0
"535","ENSG00000286169.1","AHRR","protein_coding","chr5",270670,"+",290,TRUE,"super_binder",0.007547,0.073155,0.076928,0.1493805,0.3372485
"536","ENSG00000286221.1","AC009070.1","protein_coding","chr16",81005895,"-",332,TRUE,"super_binder",0.001884,0.021626,0.049293,0.01208,0.031898
"537","ENSG00000286235.1","AL035461.3","protein_coding","chr20",5949949,"+",333,TRUE,"super_binder",0.001264,0.0506185,0,0.0625005,0.217969
"538","ENSG00000286239.1","AC093884.1","protein_coding","chr2",223944300,"-",372,TRUE,"super_binder",0.1687285,0.0845405,0.2632305,0.01821,0.0209325
"539","ENSG00000286264.1","AP001453.3","protein_coding","chr11",64240144,"+",327,TRUE,"super_binder",0.077005,0.0539805,0.095341,0,0.3250355
"540","ENSG00000286268.1","AF196969.1","protein_coding","chrX",48520806,"+",205,TRUE,"super_binder",0.0092185,0.071326,0.0707225,0.009651,0.07267
"541","ENSG00000286281.1","AL353152.2","lncRNA","chr6",14209293,"+",271,TRUE,"super_binder",0.0006265,0.008975,0.0065225,0.002148,0.0301345
"542","ENSG00000286294.1","AC107398.5","lncRNA","chr4",47484211,"-",213,TRUE,"super_binder",0.001867,0.0108875,0.010077,0.002861,0.0442045
"543","ENSG00000286331.1","AC011388.1","lncRNA","chr5",150426904,"+",219,TRUE,"super_binder",0,0,0,0.0534235,0.0429385
"544","ENSG00000286391.1","AL592078.2","lncRNA","chr1",154566749,"-",327,TRUE,"super_binder",0.001022,0.066045,0.0244745,0.033886,0.1062595
"545","ENSG00000286435.1","AC025048.7","lncRNA","chr17",60134039,"+",277,TRUE,"super_binder",0,0,0,0,0
"546","ENSG00000286493.1","AC069214.1","lncRNA","chr12",120903702,"+",271,TRUE,"super_binder",0.010254,0,0,0.060419,0.0882075
"547","ENSG00000286577.1","AC117528.1","lncRNA","chr5",94110720,"+",301,TRUE,"super_binder",0.034166,0.0993255,0.0658185,0.1569635,0.1487655
"548","ENSG00000286586.1","AC084018.4","lncRNA","chr12",121686187,"+",247,TRUE,"super_binder",0,0,0,0.027526,0
"549","ENSG00000286632.1","AC008751.3","lncRNA","chr19",58154864,"+",315,TRUE,"super_binder",0,0.020043,0,0.006297,0.0172855
"550","ENSG00000286638.1","AC123595.2","lncRNA","chr5",91279272,"+",277,TRUE,"super_binder",0,0,0,0.0070315,0.035525
"551","ENSG00000286675.1","AC068700.2","lncRNA","chr8",78664983,"-",257,TRUE,"super_binder",0.0160175,0.093873,0.0852455,0.030525,0.264686
"552","ENSG00000286732.1","AC091181.2","lncRNA","chr17",57254856,"-",226,TRUE,"super_binder",0.0062205,0.086477,0.127349,0.046044,0.2066265
"553","ENSG00000286836.1","AC092844.1","lncRNA","chr2",215309948,"-",368,TRUE,"super_binder",0,0.0784125,0,0.040648,0.045389
"554","ENSG00000286856.1","AC061708.1","lncRNA","chr3",170907857,"+",289,TRUE,"super_binder",0,0.025121,0.0686435,0,0.2051105
"555","ENSG00000286897.1","AC090515.6","lncRNA","chr15",58748923,"+",263,TRUE,"super_binder",0,0.0467085,0,0.014411,0.0792455
"556","ENSG00000286903.1","AC078874.1","lncRNA","chr12",105235338,"+",289,TRUE,"super_binder",0,0,0,0,0
"557","ENSG00000286958.1","AL365215.2","lncRNA","chr10",16816699,"+",222,TRUE,"super_binder",0,0.032145,0,0,0
"558","ENSG00000287031.1","AC093307.1","lncRNA","chr5",6377674,"+",229,TRUE,"super_binder",0.0033795,0.0215415,0,0.0061505,0.0410065
"559","ENSG00000287033.1","AL590101.1","lncRNA","chr1",211381718,"-",283,TRUE,"super_binder",0,0.0159095,0,0.0318445,0.0417295
"560","ENSG00000287100.1","AL078600.1","lncRNA","chr6",119348920,"+",372,TRUE,"super_binder",0.010558,0.082508,0.0478695,0.0152205,0.2547605
"561","ENSG00000287127.1","AC009879.4","lncRNA","chr8",66431371,"-",268,TRUE,"super_binder",0.002336,0.036132,0.088152,0,0.0962535
"562","ENSG00000287243.2","AC005908.3","lncRNA","chr12",3491820,"-",261,TRUE,"super_binder",0,0,0,0,0
"563","ENSG00000287305.1","AC010969.3","lncRNA","chr2",9949818,"-",251,TRUE,"super_binder",0.002831,0.0337665,0,0.04463,0.0274385
"564","ENSG00000287324.1","AL096828.6","lncRNA","chr20",63115218,"+",259,TRUE,"super_binder",0,0,0.0343465,0,0
"565","ENSG00000287337.1","AC005962.2","lncRNA","chr17",58218375,"+",314,TRUE,"super_binder",0.007606,0.017372,0.013401,0.011208,0.0787575
"566","ENSG00000287342.1","AC188616.1","lncRNA","chr7",332173,"-",251,TRUE,"super_binder",0.0107395,0.0715485,0.082612,0.0771195,0.2193775
"567","ENSG00000287356.1","AL590822.3","lncRNA","chr1",2314040,"+",207,TRUE,"super_binder",0.0094425,0.064468,0.0468115,0.01906,0.0401105
"568","ENSG00000287382.1","AC110611.2","lncRNA","chr4",55946997,"-",315,TRUE,"super_binder",0,0.019742,0,0.005314,0.0170585
"569","ENSG00000287426.1","AP003327.2","lncRNA","chr11",129813691,"-",277,TRUE,"super_binder",0.007293,0.098253,0.0637705,0.027374,0.1368765
"570","ENSG00000287443.1","AL357558.3","lncRNA","chr20",47973137,"+",295,TRUE,"super_binder",0.0415045,0.0379315,0.0799875,0.118031,0.0168175
"571","ENSG00000287500.1","AC009754.2","lncRNA","chr15",52678474,"+",297,TRUE,"super_binder",0,0.0074675,0,0,0.0763465
"572","ENSG00000287534.1","AC110792.4","lncRNA","chr4",54064239,"+",298,TRUE,"super_binder",0.003218,0.07316,0.039141,0.0270545,0.1780895
"573","ENSG00000287547.1","AC234644.2","lncRNA","chr7",130667852,"+",235,TRUE,"super_binder",0.0331515,0,0,0.0296285,0
"574","ENSG00000287553.1","AC090617.10","lncRNA","chr17",2040933,"-",268,TRUE,"super_binder",0.005889,0.015576,0,0.025301,0
"575","ENSG00000287561.1","AL121899.4","lncRNA","chr20",2206398,"-",231,TRUE,"super_binder",0,0,0,0.0219695,0
"576","ENSG00000287564.1","AL359546.1","lncRNA","chr10",31032089,"+",290,TRUE,"super_binder",0,0,0,0,0
"577","ENSG00000287584.1","AC004837.4","lncRNA","chr7",39622202,"-",299,TRUE,"super_binder",0.0194245,0.072019,0.1003675,0.1291175,0.271699
"578","ENSG00000287637.1","AP001437.2","lncRNA","chr21",37365859,"-",293,TRUE,"super_binder",0.000933,0.0541785,0.032518,0,0.0404865
"579","ENSG00000287654.1","AP002982.2","lncRNA","chr8",97642882,"-",299,TRUE,"super_binder",0.0600145,0.048642,0.0634055,0.05359,0.1416425
"580","ENSG00000287657.1","AC068228.3","lncRNA","chr8",123156729,"+",323,TRUE,"super_binder",0.0075085,0.0250195,0.0617945,0.066144,0
"581","ENSG00000287717.1","AC133637.2","lncRNA","chr15",89361422,"-",282,TRUE,"super_binder",0,0,0,0,0
"582","ENSG00000287821.1","AP000944.6","lncRNA","chr11",65260749,"-",245,TRUE,"super_binder",0.0398405,0.075011,0,0.1429655,0.1949575
"583","ENSG00000287873.1","AC020655.1","lncRNA","chr3",66997021,"-",205,TRUE,"super_binder",0,0.01084,0,0,0
"584","ENSG00000287952.1","AC105328.1","lncRNA","chr8",99892373,"+",259,TRUE,"super_binder",0.002729,0.0503035,0.030738,0.0154525,0.0627695
"585","ENSG00000288000.1","AL031681.2","protein_coding","chr20",43457054,"+",387,TRUE,"super_binder",0,0,0,0,0
"586","ENSG00000288007.1","AC092803.4","lncRNA","chr1",212558363,"+",218,TRUE,"super_binder",0.003533,0,0.012259,0.0095655,0
"587","ENSG00000288053.1","AC231657.3","protein_coding","chrX",49078888,"-",249,TRUE,"super_binder",0,0,0,0.0077905,0
"588","ENSG00000288208.1","AL451136.1","protein_coding","chr1",45490156,"-",277,TRUE,"super_binder",0.0276415,0.0464705,0,0,0.0131295
"589","ENSG00000288520.1","AL357075.5","protein_coding","chr6",154509115,"-",366,TRUE,"super_binder",0.0061985,0,0,0.00499,0
